vegetation_coverage,excess_green_mean,excess_green_std,texture_variation,component_density,row_alignment,weed_present
0.389,0.2748,0.1027,0.1122,3.8253,0.5328,0
0.4661,0.1288,0.1084,0.1187,5.7008,0.5304,1
0.4096,0.2254,0.1442,0.1563,5.3491,0.4285,1
0.469,0.1494,0.1253,0.0836,4.628,0.5538,1
0.408,0.1411,0.1186,0.1584,3.8719,0.4527,1
0.5229,0.1741,0.1311,0.1765,5.1149,0.3393,1
0.3032,0.238,0.1124,0.1105,5.6054,0.4963,1
0.2912,0.1782,0.1245,0.125,0.9847,0.6931,0
0.2806,0.1448,0.1152,0.1625,6.8023,0.2867,1
0.4185,0.1446,0.1327,0.1777,6.9602,0.4799,1
0.318,0.2078,0.0779,0.1031,2.6842,0.528,1
0.2831,0.222,0.0879,0.1543,3.7106,0.4349,1
0.5148,0.2768,0.154,0.2004,8.4098,0.178,1
0.3961,0.2123,0.1168,0.114,5.6428,0.3981,0
0.4265,0.1224,0.1658,0.188,5.8902,0.401,1
0.2532,0.1553,0.1264,0.1205,3.8955,0.7192,0
0.2345,0.2125,0.142,0.0671,2.3663,0.5636,0
0.2718,0.1625,0.1085,0.1213,4.1815,0.5381,1
0.3963,0.1911,0.122,0.1784,4.4965,0.4207,1
0.3686,0.2057,0.0917,0.1611,4.4744,0.542,1
0.4214,0.1396,0.1501,0.1702,7.5596,0.5254,1
0.3794,0.2989,0.1002,0.1284,3.1637,0.7071,0
0.3891,0.1316,0.1474,0.1444,4.5845,0.34,1
0.4143,0.1949,0.0874,0.1019,2.6962,0.5511,0
0.3518,0.1935,0.1371,0.1586,5.4809,0.4359,1
0.4194,0.2033,0.1344,0.2114,4.6056,0.3828,1
0.2902,0.2933,0.0864,0.0874,2.5814,0.5859,0
0.5013,0.1777,0.121,0.1661,4.0316,0.2934,1
0.316,0.2377,0.1365,0.1811,4.9144,0.5852,0
0.5323,0.109,0.1912,0.1938,5.605,0.3607,1
0.332,0.2456,0.0822,0.1871,3.7359,0.5278,0
0.4448,0.1801,0.1595,0.1777,5.9896,0.3136,1
0.3114,0.2817,0.0392,0.0758,4.9086,0.6878,0
0.3189,0.1801,0.0941,0.0723,2.3197,0.5551,0
0.464,0.1234,0.0978,0.1678,7.6315,0.3182,1
0.2511,0.2759,0.0726,0.0574,2.8631,0.8381,0
0.272,0.1314,0.0603,0.1659,3.9533,0.6791,0
0.4012,0.1592,0.1435,0.2077,6.3002,0.1851,1
0.3677,0.2386,0.1292,0.1482,4.5511,0.5045,0
0.3468,0.1473,0.0914,0.1495,6.4724,0.4769,1
0.3809,0.1499,0.1233,0.1496,6.2898,0.179,0
0.5557,0.1205,0.1226,0.2019,6.0672,0.3823,1
0.3274,0.1743,0.1446,0.0851,3.9174,0.4616,1
0.1273,0.2406,0.081,0.0279,1.442,0.6123,0
0.3222,0.202,0.0681,0.0896,3.9973,0.6301,0
0.2306,0.1867,0.0905,0.1523,4.7382,0.5618,0
0.4531,0.1321,0.1768,0.183,5.7771,0.2868,1
0.5461,0.1349,0.1579,0.203,5.4901,0.2738,1
0.2204,0.3177,0.0649,0.0827,1.4092,0.5939,0
0.2332,0.1854,0.1039,0.1676,4.8324,0.3981,1
0.5485,0.1429,0.1496,0.1621,5.9976,0.1803,1
0.3457,0.1619,0.1086,0.169,5.4781,0.5205,1
0.5041,0.1453,0.0952,0.159,5.8596,0.4081,1
0.379,0.0993,0.1168,0.1943,4.8256,0.3785,1
0.4676,0.1088,0.1555,0.1373,6.7666,0.3169,1
0.4292,0.1545,0.1006,0.1276,2.4745,0.4909,0
0.1608,0.2523,0.0798,0.0763,3.8817,0.7433,0
0.4225,0.2034,0.1376,0.1445,5.9802,0.3967,1
0.4612,0.0874,0.1801,0.1378,3.6463,0.3126,1
0.1859,0.2133,0.0881,0.0729,4.208,0.4379,0
0.5201,0.0791,0.1733,0.2084,7.7135,0.1993,1
0.1301,0.2605,0.0536,0.0274,0.7364,0.7466,0
0.1385,0.3104,0.0627,0.0443,0.3489,0.6984,0
0.2195,0.2253,0.0832,0.0248,0.7253,0.6444,0
0.3048,0.2093,0.0875,0.1062,6.0085,0.6189,0
0.3757,0.2445,0.1145,0.1761,3.6817,0.4541,1
0.2983,0.2167,0.1288,0.153,2.852,0.5829,0
0.3289,0.1573,0.1017,0.1412,4.8165,0.3418,0
0.2959,0.2166,0.1036,0.1257,1.9947,0.5254,0
0.4838,0.1073,0.1614,0.1722,5.4896,0.1239,1
0.2598,0.2335,0.0831,0.1599,4.3658,0.5407,0
0.338,0.225,0.1292,0.1872,4.338,0.4432,1
0.1311,0.1796,0.09,0.0963,2.2699,0.7454,0
0.3107,0.1977,0.1125,0.2182,4.4483,0.5065,1
0.4377,0.1479,0.0995,0.1629,5.5338,0.4074,1
0.4547,0.1547,0.1445,0.1679,6.7133,0.2157,1
0.4943,0.2079,0.1333,0.1372,4.3179,0.3302,0
0.3811,0.2,0.1568,0.1449,4.2438,0.352,1
0.3194,0.1959,0.1163,0.1903,3.1118,0.5625,0
0.3706,0.2108,0.1491,0.1514,4.4012,0.5521,1
0.2843,0.1821,0.0752,0.085,4.4008,0.6091,0
0.3284,0.12,0.1245,0.1336,5.9244,0.3747,1
0.3403,0.0644,0.1393,0.173,3.4351,0.4646,1
0.3401,0.1719,0.108,0.1883,3.8813,0.4097,1
0.456,0.1128,0.1633,0.1766,6.101,0.4615,1
0.0743,0.2548,0.1004,0.03,4.6248,0.7594,0
0.3053,0.1048,0.1257,0.1146,3.6875,0.4673,1
0.426,0.171,0.1054,0.1851,4.0149,0.5067,1
0.4347,0.1979,0.1033,0.1742,4.9886,0.4529,1
0.4701,0.1356,0.16,0.1581,4.8853,0.4595,1
0.4703,0.1946,0.1362,0.2105,4.4744,0.3928,0
0.5064,0.1259,0.1492,0.247,7.3101,0.2417,1
0.4599,0.1389,0.1391,0.1962,6.9353,0.3607,1
0.2539,0.2291,0.1075,0.1235,4.6815,0.5322,1
0.3297,0.2644,0.0968,0.0829,3.5696,0.6879,0
0.2091,0.2512,0.0883,0.068,3.0132,0.8259,0
0.6527,0.1015,0.1659,0.1596,8.3133,0.2961,1
0.2275,0.2124,0.0752,0.0507,4.1334,0.6577,0
0.4403,0.2285,0.0788,0.0749,6.2505,0.7779,0
0.3371,0.1529,0.1156,0.1696,5.5222,0.5023,1
0.3604,0.2118,0.0632,0.0618,2.6106,0.4962,0
0.4492,0.1779,0.1077,0.196,5.1667,0.4618,0
0.4335,0.133,0.1391,0.1788,7.3127,0.3907,1
0.1139,0.2309,0.0753,0.102,3.0761,0.6825,0
0.2115,0.1475,0.1362,0.0948,2.2081,0.5332,0
0.2249,0.2328,0.0637,0.0696,4.1233,0.6447,0
0.4537,0.2067,0.1754,0.2044,4.6642,0.3647,1
0.2138,0.1681,0.0805,0.1273,2.9469,0.6553,0
0.3352,0.214,0.1174,0.1037,3.867,0.5928,1
0.3081,0.2644,0.0685,0.0964,3.6743,0.5342,1
0.2618,0.2073,0.1402,0.1214,3.3094,0.3286,1
0.3878,0.1907,0.1062,0.1181,4.5426,0.4276,0
0.2299,0.1924,0.0899,0.0993,3.0303,0.6735,0
0.4649,0.164,0.0958,0.1636,5.7959,0.3787,1
0.4909,0.1628,0.1409,0.1284,7.9146,0.272,1
0.4808,0.1777,0.1432,0.1419,4.7282,0.3161,1
0.4914,0.1289,0.1452,0.223,6.9873,0.2408,1
0.155,0.1748,0.1222,0.1033,3.4137,0.6696,0
0.4025,0.1906,0.1491,0.1498,5.3176,0.3411,1
0.2959,0.2364,0.0862,0.0823,5.5579,0.5251,1
0.359,0.1734,0.1636,0.1507,5.5224,0.2804,1
0.3727,0.1915,0.119,0.1868,4.0071,0.4306,1
0.399,0.2326,0.1326,0.1347,7.3237,0.4032,1
0.1587,0.2096,0.0904,0.1127,2.3381,0.8132,0
0.4825,0.2085,0.1381,0.1795,4.181,0.3618,1
0.4608,0.1079,0.0966,0.2079,5.8565,0.2627,1
0.1218,0.3144,0.0625,0.0293,0.0,0.8504,0
0.1484,0.308,0.0461,0.0535,0.0,0.7929,0
0.5366,0.1378,0.1741,0.1866,5.7369,0.2683,1
0.2986,0.2775,0.1348,0.102,3.5314,0.7369,0
0.3381,0.2175,0.1278,0.1414,5.2822,0.5031,1
0.1697,0.2159,0.0733,0.0863,2.607,0.7266,0
0.3698,0.1805,0.0927,0.2003,4.8194,0.5364,0
0.4852,0.217,0.1145,0.1702,4.306,0.4281,1
0.5074,0.1841,0.1818,0.132,7.0792,0.4275,1
0.5621,0.0849,0.1416,0.2467,8.3962,0.1809,1
0.2301,0.2463,0.0304,0.0655,2.3355,0.7738,0
0.2353,0.2127,0.1278,0.1852,4.288,0.5408,0
0.3205,0.1633,0.1503,0.1926,3.4521,0.525,1
0.3714,0.2738,0.156,0.1379,5.9361,0.4135,0
0.3742,0.1759,0.1517,0.1892,7.1883,0.3525,1
0.2555,0.2016,0.1315,0.1076,4.2079,0.5843,1
0.1777,0.2629,0.1015,0.1129,2.8365,0.5977,0
0.218,0.1973,0.061,0.1369,3.4045,0.4905,0
0.1963,0.2854,0.0824,0.1127,1.7987,0.7923,0
0.2683,0.1552,0.1087,0.1322,2.7988,0.6536,0
0.314,0.1698,0.1148,0.1458,5.1872,0.4574,1
0.49,0.1828,0.1433,0.271,6.7317,0.2434,1
0.4457,0.2088,0.1245,0.1798,7.2472,0.3299,1
0.5415,0.1134,0.1247,0.1444,6.6807,0.3473,1
0.2769,0.1809,0.1364,0.069,2.5146,0.4465,0
0.3734,0.2221,0.1479,0.1749,3.5737,0.5377,0
0.4835,0.1213,0.1436,0.1882,5.6734,0.3537,1
0.4275,0.1201,0.1589,0.2126,6.674,0.0537,1
0.4097,0.2026,0.1107,0.1502,7.1631,0.3999,0
0.1626,0.2138,0.1007,0.0765,4.5619,0.7032,0
0.3384,0.1157,0.1487,0.1128,5.1173,0.5345,0
0.2922,0.1453,0.0811,0.1471,4.276,0.564,0
0.4446,0.1655,0.1411,0.1664,4.1072,0.3485,1
0.3883,0.0726,0.1538,0.2026,6.4194,0.2218,1
0.3483,0.1815,0.1247,0.1476,3.529,0.3404,1
0.5335,0.0799,0.1831,0.1897,8.298,0.3477,1
0.5324,0.2093,0.1859,0.1496,4.7328,0.3479,1
0.4419,0.2265,0.1429,0.1512,6.8763,0.3706,1
0.2447,0.1906,0.1029,0.1838,1.839,0.5795,0
0.4223,0.1793,0.131,0.2092,5.2973,0.4544,1
0.3001,0.2083,0.0681,0.1176,2.8174,0.5709,0
0.1897,0.2072,0.1032,0.0877,4.2769,0.5163,0
0.4328,0.2121,0.1609,0.1978,6.4266,0.2876,1
0.4226,0.2102,0.0963,0.0731,3.6397,0.6748,0
0.2204,0.2241,0.0702,0.0507,1.9449,0.7819,0
0.3374,0.1163,0.1295,0.1641,6.1662,0.3124,1
0.2844,0.2499,0.0983,0.1652,4.8869,0.4565,0
0.0945,0.0959,0.0766,0.1255,3.3083,0.5391,0
0.3067,0.1967,0.1073,0.0847,2.936,0.5107,0
0.5205,0.1441,0.1521,0.1814,5.967,0.4782,1
0.1488,0.2217,0.0995,0.0983,3.1086,0.7572,0
0.46,0.1742,0.1305,0.1807,5.4077,0.3654,1
0.5354,0.191,0.1341,0.1966,5.4261,0.2696,1
0.234,0.1401,0.1432,0.1459,4.7909,0.4966,1
0.204,0.3015,0.0956,0.1217,2.8874,0.635,0
0.2281,0.1767,0.0896,0.0998,1.2322,0.5997,0
0.4773,0.1782,0.1523,0.1929,8.3797,0.2026,1
0.2372,0.2346,0.1148,0.0813,1.7874,0.567,0
0.1502,0.2195,0.1087,0.0514,2.2417,0.6277,0
0.384,0.168,0.1421,0.1008,4.0669,0.4532,1
0.5002,0.1304,0.1532,0.2033,6.5242,0.1799,1
0.5177,0.1494,0.1294,0.2208,5.5597,0.3045,1
0.254,0.1967,0.1276,0.0509,3.4023,0.6627,0
0.3368,0.1928,0.1258,0.1358,4.0739,0.5039,0
0.0922,0.2267,0.0649,0.0888,2.6966,0.6667,0
0.2618,0.1886,0.1152,0.033,1.9279,0.6627,1
0.3599,0.1483,0.1111,0.1432,6.9535,0.3961,1
0.3627,0.1377,0.1484,0.1977,2.8063,0.4507,1
0.2308,0.2449,0.101,0.0771,0.0,0.8371,0
0.3295,0.201,0.1017,0.0922,6.464,0.3467,0
0.3368,0.2331,0.104,0.1179,3.3747,0.7935,0
0.3194,0.316,0.1025,0.0659,2.8864,0.6478,0
0.3975,0.1031,0.1676,0.1603,4.8265,0.51,1
0.2723,0.2183,0.0954,0.1098,4.6388,0.4481,0
0.3804,0.1311,0.1819,0.2062,7.1604,0.3333,1
0.4102,0.2267,0.114,0.1205,3.3233,0.4771,0
0.2639,0.2564,0.0678,0.0989,3.7415,0.5859,0
0.3959,0.1512,0.1339,0.1604,6.4232,0.3006,1
0.4182,0.2001,0.1143,0.1309,5.7535,0.4623,1
0.3745,0.1336,0.1117,0.136,7.3035,0.4014,1
0.2747,0.2359,0.1091,0.1319,3.9188,0.5679,0
0.4604,0.0872,0.1527,0.1777,4.3533,0.3608,0
0.1237,0.2842,0.0815,0.0217,3.6635,0.659,0
0.3949,0.1718,0.1162,0.1904,4.1384,0.3429,1
0.3925,0.1816,0.1063,0.1235,4.3432,0.4774,0
0.2273,0.2347,0.0824,0.0854,2.0072,0.7172,0
0.4263,0.1855,0.1194,0.1621,3.9509,0.5314,1
0.2615,0.3039,0.0997,0.0814,2.7022,0.7752,0
0.3292,0.3298,0.1151,0.1644,4.2744,0.5118,1
0.2529,0.2248,0.097,0.1482,5.54,0.4475,1
0.3921,0.1285,0.1293,0.2161,5.2223,0.3069,1
0.4586,0.1937,0.133,0.1692,5.1571,0.2484,1
0.1933,0.2436,0.1221,0.1265,2.6042,0.5572,0
0.2992,0.1673,0.1333,0.1373,3.6777,0.4965,1
0.2105,0.2028,0.1122,0.1073,1.7676,0.6333,0
0.4165,0.1981,0.1122,0.1509,5.868,0.4671,1
0.3336,0.2178,0.1343,0.133,4.3797,0.4646,1
0.4427,0.0779,0.1169,0.1756,4.2667,0.1959,1
0.3473,0.1634,0.1235,0.1373,5.7617,0.4229,1
0.2831,0.2488,0.0723,0.0781,3.448,0.7341,0
0.3855,0.177,0.1242,0.1262,4.9218,0.2861,1
0.3866,0.2591,0.1691,0.0634,3.5143,0.5047,1
0.3781,0.107,0.1389,0.1247,4.5888,0.275,1
0.3269,0.298,0.0903,0.1851,5.8277,0.4652,1
0.3762,0.131,0.1228,0.1187,4.404,0.4654,1
0.2957,0.1227,0.0972,0.1827,2.1533,0.4462,0
0.4076,0.1873,0.0973,0.1538,4.7987,0.5158,1
0.3454,0.1522,0.1536,0.1313,5.3556,0.6086,0
0.4523,0.1699,0.1492,0.1171,5.3661,0.4667,1
0.2122,0.2464,0.0861,0.0747,1.1454,0.783,0
0.3539,0.1917,0.1025,0.1873,3.0785,0.3978,1
0.311,0.1591,0.1083,0.1848,3.4253,0.4626,0
0.4684,0.1502,0.1828,0.2138,8.2998,0.2872,1
0.5182,0.1436,0.1434,0.1447,5.7539,0.4103,1
0.3541,0.2495,0.045,0.0953,2.1534,0.671,0
0.437,0.1286,0.1985,0.1766,7.0399,0.347,1
0.3857,0.1443,0.1243,0.1876,4.8855,0.5155,1
0.2922,0.0926,0.1418,0.2238,5.2209,0.5662,1
0.4202,0.1456,0.1614,0.1893,4.9579,0.3338,1
0.564,0.0821,0.1613,0.1965,5.7149,0.2266,1
0.3618,0.131,0.1343,0.1933,5.7448,0.4662,0
0.4956,0.1607,0.1393,0.1686,6.7514,0.2027,1
0.0847,0.1534,0.0701,0.104,3.5326,0.6104,0
0.4349,0.2076,0.1462,0.1989,6.282,0.1823,1
0.4162,0.1813,0.1543,0.1324,5.3977,0.3703,1
0.4153,0.1764,0.1107,0.1355,4.4698,0.4161,1
0.3601,0.1691,0.0889,0.0968,3.4169,0.6267,0
0.4771,0.1697,0.1724,0.241,7.6867,0.3631,1
0.4059,0.1672,0.1213,0.2242,6.7924,0.3063,1
0.3084,0.1503,0.1157,0.1585,3.7313,0.5899,0
0.3344,0.2016,0.1065,0.1291,4.1004,0.4972,0
0.093,0.1942,0.0703,0.0429,2.3923,0.7674,0
0.3493,0.085,0.1095,0.1858,7.9461,0.1885,1
0.1769,0.1887,0.0783,0.0758,4.4703,0.5903,0
0.5653,0.1588,0.1491,0.1891,5.4953,0.3802,1
0.442,0.151,0.145,0.1974,7.3095,0.3343,1
0.4171,0.2138,0.1507,0.1495,5.2519,0.4096,1
0.208,0.198,0.1251,0.0852,3.6824,0.6629,0
0.1168,0.2633,0.1151,0.0791,3.2011,0.5507,0
0.4333,0.1775,0.1395,0.1407,3.5148,0.4328,1
0.2484,0.1437,0.1186,0.1376,5.354,0.5507,1
0.1531,0.2701,0.0633,0.0913,2.8329,0.809,0
0.3569,0.1859,0.1175,0.0898,4.4963,0.4555,1
0.214,0.2243,0.0908,0.1216,1.7948,0.8267,1
0.2433,0.2181,0.1162,0.1156,1.8104,0.473,0
0.2664,0.177,0.1336,0.1683,5.4564,0.3633,1
0.1482,0.2448,0.0757,0.0944,2.1883,0.8566,0
0.2031,0.2147,0.1062,0.0736,1.8599,0.6772,0
0.2636,0.1554,0.1305,0.094,3.4144,0.5164,0
0.4462,0.1809,0.1414,0.1239,5.1015,0.42,1
0.2646,0.1651,0.1111,0.1257,3.6054,0.4346,1
0.2486,0.1971,0.0696,0.1084,2.5134,0.679,0
0.3647,0.1808,0.0988,0.1233,2.6895,0.4886,0
0.45,0.2056,0.1112,0.175,6.3649,0.4195,1
0.2619,0.2303,0.1008,0.0332,3.1348,0.506,0
0.4082,0.167,0.1277,0.1316,3.4269,0.4858,0
0.3605,0.1616,0.0914,0.1825,2.2219,0.4074,0
0.3772,0.2174,0.105,0.1339,5.4064,0.3999,0
0.2675,0.0936,0.1215,0.117,5.0365,0.5705,1
0.0225,0.2887,0.0565,0.0463,1.9513,0.9039,0
0.4532,0.0867,0.1426,0.0823,6.4703,0.5169,1
0.3777,0.1351,0.109,0.109,5.2488,0.5298,1
0.3282,0.191,0.0883,0.1487,3.7752,0.5335,0
0.4807,0.2174,0.1544,0.1906,6.6153,0.2354,1
0.5571,0.2146,0.1506,0.1751,5.764,0.3392,1
0.1587,0.283,0.0588,0.01,2.247,0.6885,0
0.5232,0.1503,0.1451,0.1531,8.0469,0.3675,1
0.4744,0.0841,0.1452,0.2123,5.6292,0.1867,1
0.4354,0.2054,0.0953,0.1495,5.5618,0.483,1
0.3451,0.165,0.085,0.1057,4.9508,0.5238,1
0.1726,0.2124,0.0511,0.0604,2.6016,0.6169,0
0.1791,0.2294,0.0871,0.103,5.5112,0.5808,0
0.3669,0.2026,0.0702,0.07,4.832,0.6405,1
0.4072,0.215,0.1154,0.0921,6.5327,0.5548,1
0.3517,0.1246,0.142,0.1229,3.1681,0.4145,0
0.5717,0.1822,0.0955,0.1706,7.0892,0.3198,1
0.4368,0.1316,0.1251,0.1852,5.319,0.3054,1
0.3568,0.1436,0.1776,0.2012,5.4468,0.2321,1
0.1267,0.2852,0.0726,0.01,0.0,0.6754,0
0.3207,0.1366,0.1144,0.1528,5.1373,0.3596,0
0.413,0.1659,0.1323,0.1677,4.6182,0.4511,1
0.453,0.1354,0.1536,0.1905,6.7363,0.2677,1
0.3953,0.1353,0.1678,0.1667,4.4435,0.3642,1
0.2014,0.1983,0.0887,0.0909,5.1519,0.4999,0
0.4124,0.1988,0.0917,0.0338,4.3985,0.5801,0
0.5215,0.1031,0.1238,0.2393,9.0167,0.4038,1
0.1468,0.2649,0.0717,0.0672,0.4014,0.6894,0
0.4745,0.1511,0.1055,0.1279,7.1318,0.5018,1
0.4233,0.1508,0.1162,0.1721,3.2532,0.4432,1
0.4177,0.2365,0.1088,0.1471,5.3594,0.4063,1
0.335,0.2303,0.1229,0.102,2.8604,0.5952,0
0.3006,0.1989,0.0909,0.0909,3.0229,0.5965,0
0.42,0.1869,0.1298,0.1674,4.3039,0.5851,1
0.5038,0.1099,0.1085,0.1611,5.1261,0.3617,1
0.1584,0.2516,0.0694,0.0194,0.0,0.821,0
0.3621,0.1699,0.0967,0.1834,4.3087,0.4094,1
0.5329,0.1078,0.1279,0.1722,5.8849,0.4132,1
0.1208,0.2843,0.1112,0.0482,2.4194,0.7,0
0.4185,0.155,0.1441,0.1786,5.3509,0.4228,0
0.178,0.2531,0.0653,0.0342,2.4802,1.0,0
0.0967,0.2522,0.1271,0.0316,0.0,0.6001,0
0.218,0.3426,0.0766,0.1119,2.6336,0.6225,0
0.2378,0.2005,0.1164,0.0533,3.662,0.6366,0
0.2645,0.1309,0.0708,0.1212,3.8369,0.5448,1
0.3751,0.0855,0.1367,0.1641,5.2405,0.2979,1
0.4719,0.1614,0.1261,0.2332,7.7855,0.2501,1
0.496,0.1963,0.1509,0.2107,5.8407,0.2684,1
0.3255,0.2034,0.092,0.108,2.0277,0.6465,0
0.4492,0.2184,0.1243,0.1186,5.8674,0.3441,1
0.2718,0.1924,0.1551,0.1688,5.5694,0.5275,1
0.5387,0.1276,0.1392,0.1676,6.1614,0.2386,1
0.2682,0.2004,0.1098,0.1168,3.0547,0.5974,0
0.3705,0.2022,0.1296,0.0662,3.1856,0.4369,1
0.3357,0.2326,0.0819,0.0866,3.7555,0.575,0
0.3402,0.2076,0.1002,0.175,5.4864,0.5366,0
0.2794,0.1899,0.1005,0.122,3.6065,0.6092,0
0.3553,0.1829,0.129,0.1308,5.4216,0.3884,0
0.275,0.3309,0.1061,0.0446,2.4667,0.6501,0
0.2626,0.2353,0.0899,0.0691,2.4125,0.7427,0
0.3995,0.2331,0.1047,0.1379,2.4681,0.4425,0
0.4061,0.2141,0.0972,0.1281,3.4285,0.5321,0
0.4503,0.1804,0.1357,0.2108,4.621,0.3159,1
0.3574,0.1531,0.1361,0.1821,5.3844,0.392,1
0.3224,0.2643,0.0867,0.0998,3.876,0.5653,0
0.235,0.2545,0.092,0.0594,3.9751,0.5327,0
0.4029,0.1991,0.1282,0.132,6.7258,0.4088,1
0.3376,0.1471,0.1144,0.1636,4.3076,0.3683,1
0.1473,0.2579,0.068,0.071,3.92,0.7071,1
0.494,0.18,0.1295,0.1349,6.3445,0.4485,1
0.4321,0.1269,0.0875,0.2082,6.286,0.187,1
0.4289,0.2957,0.1051,0.1884,4.9906,0.4632,1
0.4546,0.0937,0.115,0.1847,7.1093,0.2451,1
0.241,0.2626,0.1189,0.137,3.004,0.6556,0
0.2752,0.1853,0.0888,0.1263,3.1074,0.6531,0
0.1907,0.2286,0.0842,0.1363,2.4756,0.5984,0
0.2659,0.3268,0.094,0.0846,0.7108,0.6251,0
0.2685,0.1602,0.0989,0.1253,4.1737,0.6451,1
0.3089,0.17,0.1026,0.1251,3.3815,0.4935,0
0.3149,0.2262,0.0951,0.1161,1.8816,0.5387,0
0.4891,0.1113,0.1358,0.2154,6.699,0.3439,1
0.0707,0.3003,0.0609,0.0607,0.0,0.6709,0
0.5238,0.1242,0.1238,0.2175,7.0653,0.2824,1
0.414,0.194,0.107,0.1493,5.8409,0.3374,1
0.4124,0.103,0.1386,0.2058,5.4292,0.2841,1
0.2676,0.1686,0.0906,0.1145,2.3277,0.6482,0
0.4381,0.1458,0.1096,0.201,4.688,0.4076,1
0.3057,0.1199,0.1361,0.1536,5.5064,0.5311,1
0.4186,0.2692,0.12,0.1419,3.8925,0.617,0
0.3382,0.1353,0.1317,0.1071,4.4544,0.5233,0
0.3358,0.1544,0.1185,0.1405,4.7176,0.4736,1
0.496,0.144,0.1681,0.2206,6.3528,0.0404,1
0.3461,0.1974,0.1407,0.0667,1.6837,0.6202,0
0.2297,0.1655,0.0876,0.1148,3.943,0.4292,0
0.2002,0.2957,0.0803,0.0766,4.1647,0.4109,0
0.4298,0.1064,0.1128,0.1774,5.69,0.2896,1
0.2699,0.2454,0.1118,0.0713,2.2962,0.7375,0
0.4675,0.1583,0.1662,0.1456,6.6635,0.3446,1
0.3956,0.1976,0.1108,0.1671,6.4406,0.5134,1
0.524,0.176,0.122,0.1798,5.2129,0.3822,1
0.4293,0.1462,0.1165,0.1287,3.4039,0.4097,1
0.401,0.1538,0.1552,0.1843,4.0791,0.4925,1
0.4521,0.1406,0.1157,0.1637,5.7827,0.4402,1
0.3089,0.2455,0.0609,0.1811,4.8793,0.6114,0
0.1797,0.1915,0.1295,0.0837,1.7681,0.5962,0
0.4644,0.2296,0.1482,0.1524,5.5298,0.2679,1
0.4135,0.1449,0.1346,0.1283,4.4394,0.2983,1
0.3061,0.1702,0.1243,0.1975,4.7143,0.3925,0
0.1605,0.2139,0.0817,0.0499,1.5907,0.6595,0
0.4361,0.1007,0.1093,0.1424,4.6936,0.3002,1
0.3211,0.1919,0.0764,0.1254,4.0425,0.635,0
0.3498,0.1115,0.1432,0.1735,5.9248,0.1587,1
0.4841,0.116,0.1067,0.2255,9.2687,0.1476,1
0.3933,0.1257,0.1259,0.1976,4.3041,0.3333,1
0.4046,0.2213,0.1068,0.1455,5.9029,0.4807,1
0.3156,0.1732,0.1012,0.1968,5.2597,0.4878,0
0.3616,0.1933,0.0809,0.0456,2.4601,0.6007,0
0.3118,0.2063,0.0763,0.0807,2.7591,0.539,0
0.2932,0.2444,0.0707,0.1171,2.9397,0.4121,1
0.4906,0.1529,0.1477,0.2605,5.4034,0.2513,1
0.2519,0.2177,0.0905,0.1596,3.17,0.5768,0
0.483,0.104,0.1066,0.2121,5.6405,0.3354,1
0.3467,0.1175,0.1343,0.1476,3.9436,0.3762,1
0.1822,0.1864,0.0807,0.0675,4.8205,0.6888,0
0.4145,0.2305,0.1144,0.1296,4.6744,0.4802,1
0.4844,0.1904,0.0861,0.1412,5.367,0.34,1
0.1925,0.1676,0.1224,0.1725,3.3402,0.3919,0
0.5578,0.1221,0.1199,0.185,6.0323,0.3972,1
0.4038,0.1357,0.1308,0.1619,4.9646,0.4195,1
0.2699,0.1444,0.1064,0.1759,4.8666,0.3555,1
0.2045,0.1976,0.1152,0.1035,4.8807,0.4516,1
0.3752,0.1363,0.1657,0.1903,6.9744,0.3933,1
0.2633,0.3082,0.105,0.069,3.2626,0.7451,0
0.3484,0.2415,0.1379,0.1307,5.0997,0.4971,0
0.4305,0.2286,0.1315,0.1392,5.0071,0.5025,1
0.3582,0.2035,0.1325,0.1371,5.2283,0.3229,1
0.168,0.2195,0.0516,0.0958,2.3305,0.6481,0
0.3872,0.1927,0.1232,0.1718,6.3218,0.3622,1
0.1339,0.2615,0.0583,0.0385,1.3067,0.8299,0
0.4016,0.2432,0.1482,0.1659,4.785,0.5537,1
0.1187,0.2786,0.0608,0.0337,1.3247,0.772,0
0.4642,0.18,0.1344,0.1848,5.1811,0.3167,1
0.3453,0.185,0.127,0.1464,4.895,0.3312,0
0.399,0.2235,0.162,0.1674,5.8686,0.4628,1
0.2761,0.1508,0.1022,0.097,3.1601,0.5827,1
0.5415,0.2175,0.1616,0.1858,7.0906,0.3288,1
0.4196,0.1554,0.0991,0.2279,6.3879,0.3385,1
0.2175,0.1707,0.0609,0.0977,4.7377,0.636,1
0.365,0.1778,0.0594,0.0868,3.1279,0.4614,0
0.438,0.1418,0.1208,0.1487,4.3978,0.5714,0
0.3695,0.2159,0.1299,0.1274,2.5574,0.3763,0
0.3255,0.1884,0.1092,0.1049,3.6643,0.5971,0
0.4904,0.1693,0.1198,0.1539,4.1141,0.3135,1
0.2391,0.2662,0.0857,0.145,2.2208,0.33,0
0.2416,0.2074,0.0861,0.0737,2.9887,0.6152,0
0.2473,0.1915,0.1375,0.1695,3.3401,0.4465,0
0.4188,0.1094,0.1679,0.1418,4.8561,0.3439,1
0.229,0.2086,0.1108,0.094,2.584,0.6037,0
0.4228,0.2584,0.1445,0.2221,6.5901,0.4787,1
0.4697,0.1607,0.1807,0.2142,5.976,0.2617,1
0.4024,0.1553,0.1262,0.2365,5.3827,0.4044,0
0.3926,0.1638,0.1095,0.1351,4.1461,0.5044,1
0.3763,0.1779,0.1202,0.1606,5.6977,0.5008,1
0.3074,0.1712,0.1117,0.2254,6.2792,0.4146,1
0.466,0.1144,0.1495,0.162,5.0119,0.2657,1
0.3042,0.1963,0.1032,0.1089,6.107,0.4704,1
0.4481,0.1224,0.1551,0.1505,5.0411,0.1631,1
0.3881,0.151,0.1275,0.1664,4.7179,0.636,0
0.4332,0.1814,0.1595,0.1193,4.47,0.5076,1
0.2784,0.1549,0.0764,0.1461,4.354,0.5338,0
0.3988,0.2086,0.1609,0.169,7.4376,0.3172,1
0.2491,0.2195,0.066,0.1679,3.3624,0.6845,0
0.385,0.0799,0.1154,0.2142,5.4979,0.2725,1
0.2605,0.2478,0.0704,0.0921,2.0536,0.721,0
0.3682,0.1367,0.1336,0.1661,2.4131,0.4234,0
0.2841,0.2669,0.09,0.1021,3.9077,0.8399,0
0.2992,0.1879,0.1065,0.1187,4.4516,0.3862,0
0.479,0.2442,0.1128,0.1292,4.2124,0.4,1
0.353,0.2228,0.095,0.1355,3.8484,0.2625,1
0.4658,0.1208,0.1557,0.1702,5.5604,0.3641,1
0.1147,0.1895,0.082,0.0561,2.1251,0.7485,0
0.146,0.2348,0.0964,0.01,0.2599,0.8527,0
0.1954,0.1471,0.1205,0.128,5.329,0.4602,0
0.3083,0.2744,0.0563,0.1293,3.9032,0.6063,0
0.5074,0.1341,0.126,0.2201,5.7801,0.1743,1
0.2471,0.2596,0.1054,0.1538,2.6797,0.5735,0
0.3053,0.2381,0.0716,0.0798,3.7862,0.681,0
0.3803,0.1471,0.1274,0.1541,4.519,0.3725,1
0.297,0.1984,0.0881,0.0758,3.3303,0.5383,1
0.2597,0.2504,0.1251,0.1437,4.7546,0.5914,0
0.144,0.2704,0.0829,0.0387,1.9121,0.7559,0
0.5586,0.0942,0.1597,0.2275,5.8393,0.3168,1
0.3085,0.3069,0.0711,0.1247,3.3096,0.6008,0
0.1923,0.2247,0.0907,0.0427,3.5816,0.6823,0
0.4613,0.1152,0.1248,0.2215,7.0849,0.3808,1
0.2102,0.106,0.0954,0.1472,2.6584,0.4499,0
0.4105,0.2246,0.06,0.1615,3.6249,0.546,0
0.2455,0.2619,0.0425,0.01,1.9853,0.7882,0
0.4216,0.1667,0.1269,0.1464,4.2539,0.4823,1
0.3059,0.1612,0.1717,0.1172,6.3012,0.48,1
0.289,0.1627,0.0829,0.1617,6.3291,0.4628,1
0.3077,0.1976,0.0774,0.1284,3.3098,0.5925,0
0.3196,0.235,0.104,0.0305,3.7349,0.5152,0
0.0977,0.2668,0.1196,0.0745,3.5588,0.6389,0
0.3703,0.1681,0.1282,0.1795,6.9274,0.3152,1
0.5308,0.1985,0.1487,0.1789,7.2113,0.4759,1
0.3482,0.1849,0.1107,0.1478,2.7987,0.4998,1
0.5186,0.142,0.1234,0.1616,5.27,0.2902,1
0.3594,0.2116,0.1094,0.0941,4.4031,0.5458,0
0.3253,0.1226,0.1112,0.1554,4.4902,0.5136,1
0.4784,0.1461,0.164,0.2027,8.4011,0.3444,1
0.2821,0.1536,0.0683,0.1312,5.0571,0.4951,0
0.1613,0.2014,0.1012,0.1031,1.5073,0.424,0
0.394,0.0727,0.1399,0.1849,5.7782,0.3613,1
0.5139,0.1574,0.128,0.2029,4.7472,0.3011,1
0.3919,0.2185,0.1058,0.1704,5.7201,0.3819,1
0.5424,0.1391,0.1256,0.15,6.1104,0.368,1
0.1301,0.2919,0.0926,0.0699,2.3163,0.8555,0
0.3497,0.286,0.1109,0.1429,3.4909,0.6182,1
0.3648,0.2158,0.1158,0.1454,1.4494,0.6074,1
0.2887,0.1714,0.0911,0.0898,2.362,0.6579,0
0.4235,0.1522,0.1236,0.2092,3.9418,0.5326,0
0.352,0.1449,0.117,0.2134,5.6355,0.4135,1
0.1764,0.2433,0.0691,0.0442,1.4517,0.7724,0
0.2542,0.1501,0.1346,0.1329,4.0887,0.3002,1
0.4356,0.194,0.1448,0.2134,4.6835,0.5326,1
0.452,0.2141,0.1088,0.1273,4.2155,0.4106,1
0.4154,0.1158,0.1146,0.2184,3.6784,0.5373,0
0.4251,0.1014,0.1619,0.1858,6.1732,0.2106,1
0.2922,0.1691,0.1135,0.1955,3.9538,0.5393,1
0.1164,0.2896,0.0632,0.0506,2.0721,0.5688,0
0.2081,0.2964,0.1164,0.1204,1.0017,0.6735,0
0.2825,0.2797,0.1087,0.1399,4.8447,0.3922,1
0.3578,0.1705,0.1384,0.1428,3.947,0.5048,1
0.3138,0.1966,0.0786,0.1392,4.3196,0.6472,0
0.4165,0.1841,0.1477,0.1942,5.4974,0.2697,1
0.2687,0.2081,0.1021,0.1233,3.6645,0.6998,0
0.2714,0.2218,0.0826,0.0845,1.7831,0.7144,0
0.3454,0.1652,0.0971,0.1531,4.7419,0.627,1
0.2258,0.0906,0.0734,0.1726,3.6594,0.5489,1
0.4634,0.1571,0.1276,0.1626,4.7653,0.2881,1
0.1598,0.2358,0.0936,0.0987,2.2335,0.5751,0
0.3423,0.2329,0.0996,0.1436,6.5106,0.5869,1
0.429,0.1735,0.1287,0.1663,4.2841,0.4653,1
0.4324,0.1432,0.0846,0.14,4.1909,0.4826,0
0.1945,0.2404,0.0736,0.0492,0.6753,0.5771,0
0.4209,0.0944,0.1008,0.1469,3.4826,0.3504,1
0.2449,0.151,0.1088,0.135,3.2867,0.5582,0
0.2804,0.2499,0.0847,0.0994,2.6047,0.6332,0
0.3224,0.1916,0.0852,0.1755,3.583,0.3601,1
0.2998,0.2765,0.0721,0.1157,2.2151,0.7141,0
0.4201,0.0746,0.1205,0.1912,4.2983,0.2036,0
0.2947,0.1982,0.0788,0.0982,3.1024,0.649,0
0.4044,0.1768,0.1342,0.1099,4.7204,0.5106,1
0.2514,0.2661,0.0854,0.1579,1.5604,0.5808,0
0.1424,0.273,0.0371,0.0478,1.8208,0.768,0
0.571,0.1922,0.1185,0.1711,5.7035,0.4085,1
0.1913,0.2899,0.1107,0.1091,2.1221,0.7253,0
0.3563,0.1738,0.102,0.1336,4.8584,0.4719,0
0.324,0.2636,0.1336,0.0885,2.1146,0.5606,0
0.4693,0.1113,0.1222,0.1593,6.8458,0.3052,1
0.3257,0.1541,0.1218,0.1166,4.5253,0.5206,1
0.4733,0.1713,0.1675,0.1749,6.4953,0.4179,0
0.3993,0.1081,0.1389,0.2056,6.4649,0.3467,1
0.2879,0.2134,0.0884,0.1404,4.1057,0.5251,0
0.3776,0.2351,0.0718,0.0794,2.1723,0.5597,0
0.4256,0.2014,0.1593,0.1798,7.1063,0.1841,1
0.3648,0.198,0.0937,0.1496,5.8753,0.5281,0
0.4126,0.1631,0.154,0.1637,4.9453,0.3881,1
0.4862,0.1527,0.1437,0.2331,6.6838,0.2391,1
0.4743,0.1081,0.1537,0.1654,7.751,0.137,1
0.3504,0.1285,0.1093,0.2137,5.7272,0.3669,1
0.3148,0.2211,0.0965,0.1274,4.5591,0.5395,0
0.2734,0.2111,0.0848,0.1148,4.3325,0.4864,0
0.2229,0.2513,0.0723,0.0332,0.7431,0.6635,0
0.2695,0.1924,0.1145,0.098,4.6435,0.4732,1
0.3007,0.2618,0.1205,0.0823,4.1263,0.5544,1
0.4175,0.1284,0.1339,0.1677,5.0211,0.3346,1
0.3141,0.2201,0.067,0.1037,1.4752,0.5907,1
0.3391,0.1084,0.1282,0.1274,4.3453,0.4306,1
0.364,0.1982,0.0895,0.0836,4.9818,0.5807,1
0.3563,0.2384,0.124,0.089,4.5173,0.4633,1
0.2587,0.2573,0.0928,0.0916,3.8317,0.6074,0
0.2766,0.1932,0.1104,0.1321,4.9414,0.5741,1
0.1701,0.268,0.1007,0.0927,3.2544,0.5233,0
0.4278,0.2116,0.1195,0.1808,5.0433,0.5342,1
0.327,0.2168,0.0941,0.1986,5.5818,0.5323,1
0.2256,0.2881,0.0583,0.1353,2.5451,0.6811,0
0.3071,0.2741,0.1241,0.0685,2.1849,0.5265,0
0.4001,0.1751,0.123,0.1247,3.9939,0.5226,1
0.4725,0.1034,0.1036,0.1999,4.7883,0.3265,1
0.3593,0.194,0.1374,0.1529,6.4775,0.1958,1
0.3708,0.1934,0.1225,0.1984,7.2411,0.3555,1
0.5724,0.1868,0.14,0.2217,4.969,0.2531,1
0.3836,0.2164,0.1089,0.2165,7.0291,0.4343,0
0.234,0.2515,0.1464,0.1909,5.2054,0.3376,1
0.4957,0.1765,0.1009,0.2162,7.0252,0.3012,1
0.2151,0.2292,0.0807,0.0951,3.7408,0.666,0
0.4927,0.0933,0.1445,0.1848,7.5739,0.3065,1
0.5003,0.1793,0.1622,0.158,5.602,0.2597,1
0.3918,0.1547,0.1355,0.1109,3.6271,0.5193,1
0.4376,0.1902,0.1045,0.1947,4.6853,0.4222,1
0.396,0.1806,0.1541,0.1767,5.4441,0.5135,1
0.5691,0.164,0.1172,0.1813,6.0611,0.1859,1
0.4432,0.1287,0.1574,0.245,7.4455,0.2392,1
0.5245,0.1631,0.1662,0.1947,7.002,0.2629,0
0.3213,0.1098,0.0807,0.0538,2.6952,0.5755,0
0.3685,0.1886,0.1358,0.1816,3.7362,0.3417,1
0.365,0.2611,0.0916,0.077,3.1297,0.3695,1
0.2333,0.3018,0.107,0.0938,3.1588,0.7364,0
0.3209,0.28,0.0415,0.0791,0.0289,0.7265,0
0.2904,0.331,0.077,0.07,0.6865,0.8498,0
0.2644,0.2382,0.0821,0.1201,0.7761,0.7061,1
0.1811,0.2695,0.0897,0.0694,0.6156,0.8265,0
0.4356,0.2082,0.1172,0.1611,5.7757,0.4339,1
0.2415,0.2065,0.1309,0.0989,2.5966,0.5747,0
0.3487,0.1316,0.1433,0.1806,6.261,0.4808,0
0.4884,0.1478,0.1272,0.1204,8.1835,0.3941,1
0.2351,0.1979,0.0992,0.1292,3.7807,0.8265,0
0.253,0.2453,0.1108,0.0607,3.2019,0.4837,0
0.27,0.2236,0.105,0.0936,3.9691,0.471,0
0.1068,0.2161,0.0451,0.0562,1.4424,0.7071,0
0.2901,0.1882,0.0836,0.0959,2.0362,0.4865,0
0.362,0.1908,0.156,0.1635,5.2726,0.5596,1
0.3237,0.2546,0.0703,0.0878,3.4988,0.7076,0
0.3507,0.1696,0.1184,0.1476,4.5406,0.6946,0
0.5222,0.0885,0.1616,0.2043,5.92,0.3481,1
0.3059,0.2564,0.0841,0.0956,3.5033,0.5069,0
0.2896,0.1261,0.0819,0.1472,4.9748,0.3042,0
0.2999,0.2469,0.083,0.1385,2.9039,0.7264,1
0.3466,0.2728,0.1465,0.1482,3.6495,0.4213,0
0.4013,0.2661,0.0919,0.0944,3.1426,0.6418,0
0.5222,0.2047,0.1096,0.1375,5.3371,0.4675,1
0.2165,0.2329,0.0872,0.1391,4.0598,0.5216,0
0.3038,0.2912,0.1336,0.1393,3.5645,0.5497,0
0.4112,0.0587,0.1351,0.1524,6.6621,0.3616,1
0.3711,0.1697,0.1048,0.1656,5.5536,0.4484,0
0.3122,0.241,0.1338,0.0953,4.4398,0.6515,0
0.3432,0.1761,0.1281,0.1808,3.4297,0.581,0
0.5211,0.2003,0.1224,0.2014,6.1533,0.3313,1
0.2765,0.1936,0.0885,0.1014,3.3338,0.4434,1
0.3252,0.1833,0.1469,0.1388,5.0383,0.5294,1
0.3886,0.1433,0.1389,0.165,4.9998,0.171,1
0.3449,0.1652,0.0877,0.1505,5.893,0.4915,0
0.3691,0.1351,0.1012,0.1722,6.579,0.4027,1
0.4288,0.1721,0.1119,0.1392,6.7765,0.2936,1
0.5041,0.0989,0.129,0.167,7.95,0.3162,1
0.2146,0.2641,0.0528,0.1172,2.7232,0.6086,0
0.4902,0.1851,0.1137,0.1848,5.2917,0.3073,1
0.4935,0.1803,0.1314,0.2048,8.3773,0.3404,1
0.4128,0.1476,0.1053,0.1463,4.1802,0.395,1
0.3726,0.1113,0.1568,0.1347,3.5356,0.4994,1
0.4576,0.1507,0.1354,0.1908,7.0551,0.1609,1
0.3376,0.3002,0.1165,0.2239,4.8336,0.4718,1
0.3039,0.2604,0.1141,0.1542,5.1588,0.5514,1
0.4389,0.1526,0.121,0.1497,5.3173,0.3691,1
0.4001,0.1809,0.1406,0.1549,5.497,0.4012,1
0.2943,0.2545,0.0997,0.0156,4.5424,0.6022,0
0.2743,0.1479,0.1108,0.1591,2.4043,0.6046,0
0.4912,0.2107,0.1929,0.2032,5.2542,0.3841,1
0.4262,0.1434,0.1594,0.1698,5.19,0.3528,1
0.4888,0.1553,0.114,0.1332,3.5218,0.3744,1
0.2378,0.2375,0.0946,0.0542,3.4391,0.6138,0
0.5759,0.1869,0.131,0.2096,5.8856,0.2576,1
0.3145,0.1493,0.1317,0.1503,5.7864,0.4506,1
0.3537,0.0889,0.1092,0.1989,6.1773,0.3303,1
0.2329,0.2358,0.0735,0.1068,3.7268,0.6877,0
0.3595,0.0754,0.1437,0.2073,5.3375,0.3512,1
0.2316,0.1938,0.1263,0.1345,3.0465,0.5629,1
0.3234,0.2642,0.1096,0.136,3.4603,0.4626,0
0.1858,0.278,0.0928,0.01,2.7417,0.7979,0
0.217,0.2738,0.0974,0.0569,2.6965,0.5878,0
0.3763,0.1983,0.13,0.1489,4.4244,0.3239,1
0.4066,0.2536,0.1267,0.2106,4.5914,0.4757,1
0.3207,0.2177,0.1005,0.14,2.5778,0.7257,0
0.3502,0.1914,0.1458,0.1526,4.4912,0.4932,1
0.3274,0.1532,0.127,0.1445,5.1658,0.4331,0
0.3887,0.2341,0.1103,0.076,3.9806,0.4864,0
0.3919,0.169,0.1596,0.188,4.7633,0.3772,1
0.4082,0.2856,0.0991,0.0946,3.6614,0.6374,0
0.4701,0.1134,0.1524,0.2923,7.261,0.3472,1
0.3484,0.2686,0.112,0.0939,5.5143,0.5523,1
0.4703,0.195,0.126,0.2255,5.9743,0.5645,1
0.3627,0.1743,0.1088,0.1799,6.6335,0.3998,1
0.3946,0.1801,0.1436,0.146,4.9216,0.2373,1
0.1801,0.2845,0.0629,0.0536,0.0,0.6593,0
0.5173,0.156,0.1832,0.2186,6.401,0.1494,1
0.2621,0.1854,0.1297,0.1304,5.1665,0.4522,1
0.1232,0.2249,0.065,0.0955,2.5986,0.6968,0
0.2478,0.1599,0.1412,0.1845,6.3441,0.4613,1
0.4925,0.0844,0.1463,0.2022,3.4752,0.3206,1
0.2631,0.2532,0.124,0.1076,4.5114,0.653,0
0.3341,0.1453,0.1028,0.1007,4.599,0.4932,1
0.2922,0.167,0.1289,0.155,3.4917,0.4171,1
0.0926,0.2913,0.0672,0.0618,2.1188,0.717,0
0.2319,0.26,0.0946,0.044,3.1451,0.7263,0
0.2735,0.1352,0.0884,0.1281,4.1809,0.4114,1
0.2353,0.2351,0.0973,0.0835,3.4747,0.6843,0
0.5456,0.1496,0.1614,0.1685,7.2752,0.2289,1
0.5974,0.1521,0.167,0.1763,4.6082,0.3788,1
0.4025,0.2257,0.1273,0.1522,5.0469,0.3996,1
0.4744,0.1376,0.1202,0.2211,3.6315,0.3963,1
0.446,0.0549,0.1653,0.2077,7.2649,0.2439,1
0.2289,0.2326,0.094,0.1608,5.4384,0.6224,0
0.3938,0.1462,0.1519,0.1629,4.1227,0.3848,1
0.2949,0.1065,0.1461,0.0998,4.319,0.5779,1
0.394,0.1696,0.1502,0.1772,4.1448,0.4386,1
0.3734,0.2148,0.139,0.1489,4.9931,0.3785,1
0.1173,0.1858,0.0775,0.079,2.9849,0.6393,0
0.3664,0.3192,0.0961,0.0694,2.5588,0.6551,0
0.2747,0.1753,0.1121,0.1223,4.3457,0.497,0
0.2771,0.1862,0.1096,0.1814,5.8168,0.4548,1
0.3075,0.1803,0.1185,0.1253,3.9701,0.6234,0
0.3441,0.1796,0.1354,0.2024,3.8265,0.4507,1
0.341,0.2154,0.0792,0.1585,4.5933,0.6184,0
0.268,0.1473,0.1434,0.0609,5.2375,0.5687,1
0.4503,0.2549,0.1483,0.1596,7.9661,0.2922,1
0.3482,0.1811,0.0875,0.0747,3.8544,0.6391,1
0.3146,0.1996,0.0813,0.1271,2.5096,0.619,0
0.524,0.1824,0.175,0.1726,5.3549,0.5001,1
0.2305,0.3084,0.1241,0.075,1.4909,0.653,0
0.4542,0.2098,0.1522,0.1631,5.4923,0.4503,1
0.481,0.1115,0.1617,0.187,6.5421,0.2951,1
0.2471,0.2447,0.1117,0.0447,3.8871,0.7622,0
0.5148,0.0511,0.1672,0.1751,6.557,0.1682,1
0.3189,0.2073,0.1346,0.1624,5.1811,0.4349,1
0.5218,0.0752,0.1579,0.2328,6.3582,0.2587,1
0.1899,0.2222,0.0908,0.0681,1.2069,0.7568,0
0.2903,0.2055,0.0916,0.0999,4.5558,0.5131,1
0.4807,0.1896,0.1423,0.0973,5.5593,0.3375,1
0.3085,0.1651,0.1544,0.1861,5.1844,0.3936,1
0.5368,0.2195,0.1316,0.1543,6.0827,0.4736,1
0.2424,0.2618,0.0832,0.0586,3.3305,0.6747,0
0.519,0.161,0.16,0.1514,7.2857,0.156,1
0.2839,0.1594,0.0917,0.0772,2.8651,0.6307,0
0.2129,0.2745,0.0796,0.0939,4.6825,0.4638,0
0.5257,0.0901,0.1815,0.2103,7.4633,0.2683,1
0.3691,0.2623,0.1055,0.1019,3.9098,0.5262,1
0.4379,0.2553,0.1264,0.1644,5.3256,0.46,1
0.2265,0.2554,0.076,0.0834,2.9769,0.7935,0
0.2697,0.2141,0.1525,0.2272,6.234,0.3386,1
0.243,0.0746,0.1284,0.0812,3.0895,0.5507,0
0.605,0.1343,0.1413,0.1999,7.7255,0.3866,1
0.3846,0.1983,0.115,0.1867,5.932,0.2812,1
0.4233,0.2341,0.1049,0.1024,3.6624,0.439,0
0.3182,0.1344,0.1319,0.1518,4.1979,0.4217,1
0.5009,0.119,0.1571,0.231,5.8636,0.2675,1
0.4148,0.0805,0.1234,0.1532,3.041,0.3273,1
0.1748,0.2569,0.089,0.1261,3.0864,0.7106,0
0.3529,0.1524,0.1079,0.0335,4.9062,0.5046,0
0.4053,0.2183,0.126,0.1351,3.5274,0.509,1
0.3704,0.2424,0.122,0.1797,3.2972,0.5322,0
0.3302,0.1748,0.0941,0.1643,5.0538,0.639,0
0.405,0.2073,0.1695,0.1614,4.5529,0.5112,1
0.2685,0.2508,0.0671,0.1001,2.4674,0.7162,0
0.3487,0.1996,0.1204,0.0839,4.3594,0.4069,1
0.4054,0.1649,0.1146,0.1417,3.0295,0.5711,0
0.1395,0.2835,0.0652,0.096,1.4445,0.7346,0
0.3211,0.1552,0.0971,0.0868,0.8202,0.6857,0
0.282,0.1563,0.0915,0.1757,1.7094,0.5499,0
0.3049,0.1803,0.101,0.1526,5.6014,0.6141,0
0.3297,0.1966,0.1156,0.0586,5.038,0.6314,1
0.2358,0.247,0.0545,0.1009,3.991,0.6335,0
0.4334,0.1151,0.1819,0.1747,6.8831,0.4256,1
0.4941,0.2211,0.1598,0.2261,4.0014,0.2368,1
0.3384,0.2066,0.1227,0.1463,3.4086,0.5271,0
0.3377,0.2047,0.0781,0.1172,5.5606,0.3901,1
0.3499,0.1987,0.0999,0.1854,6.0455,0.6222,1
0.3848,0.2172,0.1521,0.184,6.3438,0.2894,1
0.2616,0.2407,0.182,0.0853,3.0964,0.4632,0
0.4995,0.1563,0.1723,0.1945,5.237,0.2214,1
0.4123,0.1834,0.1595,0.1973,5.8813,0.4372,1
0.5046,0.1212,0.1241,0.1256,4.2998,0.564,0
0.2711,0.1187,0.0992,0.131,6.0133,0.4818,1
0.2849,0.2008,0.1275,0.1268,4.1231,0.6063,1
0.2367,0.2161,0.073,0.071,3.0924,0.5937,0
0.5898,0.1709,0.1185,0.1219,6.2498,0.341,1
0.0843,0.2642,0.0449,0.0658,1.873,0.8879,0
0.3305,0.2328,0.1236,0.0596,4.2893,0.5272,0
0.4843,0.0971,0.142,0.1599,5.4822,0.243,1
0.4824,0.1491,0.1435,0.1336,5.0416,0.3522,1
0.4253,0.1383,0.1147,0.0896,5.7477,0.538,0
0.5089,0.1751,0.1127,0.1882,4.049,0.3624,1
0.3907,0.0914,0.1175,0.1609,7.0459,0.4607,1
0.4464,0.174,0.1225,0.1672,3.7611,0.3392,1
0.2633,0.124,0.0927,0.1099,4.1647,0.4535,1
0.4223,0.1518,0.1205,0.1473,6.3579,0.4125,1
0.1855,0.2727,0.0653,0.0998,2.5506,0.676,0
0.3386,0.2016,0.1263,0.1369,3.0394,0.6099,0
0.2538,0.1247,0.1292,0.1654,4.862,0.5028,1
0.3826,0.1623,0.0909,0.1711,4.5546,0.444,1
0.0953,0.1906,0.0724,0.0655,1.7765,0.7485,0
0.2974,0.148,0.1372,0.0566,2.7837,0.652,0
0.27,0.1995,0.0936,0.1131,4.2258,0.5519,1
0.2754,0.2238,0.1177,0.1255,3.4118,0.5729,0
0.358,0.2333,0.1023,0.089,5.8457,0.4511,0
0.3482,0.2306,0.1278,0.091,3.5456,0.3358,1
0.3247,0.2278,0.0982,0.1002,2.5264,0.7217,0
0.4681,0.1721,0.112,0.222,4.1978,0.4793,1
0.3755,0.1221,0.1332,0.1547,7.2483,0.3727,1
0.4882,0.1564,0.1279,0.1592,3.4676,0.4648,0
0.1034,0.2,0.0752,0.0312,2.2637,0.8689,0
0.539,0.1036,0.1227,0.2377,6.3528,0.3806,1
0.4623,0.1419,0.1734,0.2256,5.1325,0.348,1
0.3768,0.1562,0.1558,0.1981,4.8186,0.2876,1
0.442,0.294,0.107,0.203,5.5298,0.3385,1
0.4923,0.106,0.1291,0.1624,4.8194,0.1632,1
0.295,0.2292,0.0841,0.0824,2.9182,0.6934,0
0.4597,0.0986,0.1147,0.2313,7.5865,0.4263,1
0.4314,0.1489,0.0949,0.1891,5.6681,0.4671,1
0.4737,0.1434,0.1233,0.1114,4.3307,0.3986,1
0.3173,0.2456,0.0955,0.1304,2.7243,0.5434,0
0.4447,0.1507,0.1008,0.1478,5.0375,0.3434,1
0.2437,0.2299,0.0901,0.1147,2.1725,0.5895,0
0.5153,0.1315,0.1653,0.2,6.2864,0.2981,1
0.0676,0.2067,0.0876,0.01,1.8126,0.675,1
0.3634,0.1582,0.1173,0.1558,6.4198,0.5895,1
0.4015,0.1258,0.11,0.2026,6.4384,0.1776,1
0.2793,0.2286,0.1083,0.1121,1.856,0.5936,0
0.5825,0.1637,0.1496,0.2133,7.587,0.1278,1
0.3441,0.1744,0.1286,0.1931,5.9722,0.4708,1
0.3994,0.1664,0.1634,0.1689,5.2384,0.4186,1
0.5116,0.0793,0.1259,0.1891,5.9113,0.2804,1
0.056,0.2787,0.0168,0.1002,2.3525,0.6567,0
0.355,0.1507,0.1023,0.2214,4.7102,0.4271,0
0.3367,0.2357,0.1161,0.1509,1.7593,0.4889,1
0.259,0.2135,0.135,0.1803,6.2053,0.3472,1
0.1332,0.2451,0.0528,0.0838,2.8037,0.8706,0
0.3789,0.1656,0.0775,0.1303,5.2258,0.5491,0
0.4033,0.1943,0.106,0.1362,3.5221,0.5333,1
0.2685,0.2459,0.0651,0.159,2.9775,0.5967,0
0.3985,0.1814,0.1241,0.1142,4.5387,0.4243,1
0.3506,0.1745,0.1036,0.168,4.255,0.4968,0
0.4131,0.2036,0.1093,0.1476,4.9357,0.6368,1
0.4168,0.1796,0.12,0.1309,5.7231,0.331,1
0.3952,0.164,0.1291,0.1493,5.1626,0.453,1
0.4207,0.0848,0.1415,0.1687,6.7815,0.2538,1
0.5053,0.1803,0.1377,0.19,6.8108,0.1426,1
0.4764,0.1483,0.1267,0.1564,4.1464,0.3655,1
0.4654,0.1885,0.1211,0.1219,4.6914,0.6228,1
0.3631,0.1841,0.1031,0.1988,4.5192,0.4726,1
0.2364,0.1383,0.0867,0.1471,2.9209,0.695,0
0.2537,0.2615,0.0657,0.112,0.0671,0.7079,0
0.4566,0.1848,0.1737,0.1774,5.5289,0.1827,1
0.4655,0.1814,0.1106,0.1786,6.3217,0.2503,0
0.4111,0.1593,0.13,0.2021,5.7377,0.366,1
0.154,0.1977,0.064,0.0263,0.9219,0.8265,0
0.2066,0.2733,0.09,0.1089,3.566,0.5952,0
0.37,0.2157,0.1319,0.1256,5.4911,0.4647,0
0.4151,0.151,0.1044,0.0872,3.6671,0.5817,0
0.5681,0.1151,0.1387,0.1939,5.0491,0.2628,1
0.3473,0.2189,0.1203,0.106,3.5694,0.5718,0
0.1723,0.2557,0.1284,0.0907,4.7758,0.6361,0
0.471,0.1313,0.1689,0.1963,4.8882,0.2898,1
0.6133,0.174,0.1442,0.2346,7.0982,0.2108,1
0.2854,0.1254,0.1108,0.1078,5.324,0.4647,1
0.4598,0.1075,0.1427,0.177,3.7476,0.4631,1
0.2603,0.1763,0.0761,0.0408,2.0683,0.8272,0
0.4862,0.1187,0.1214,0.1562,6.4975,0.4157,1
0.5791,0.2221,0.1526,0.1551,5.3344,0.2991,1
0.4558,0.2176,0.1546,0.1969,6.0308,0.1444,1
0.1039,0.2729,0.0694,0.0761,0.8786,0.8439,0
0.324,0.2047,0.0657,0.1056,2.4925,0.6996,0
0.2929,0.1779,0.1195,0.1131,4.284,0.4698,1
0.3827,0.1944,0.0875,0.1965,4.5573,0.3852,1
0.4694,0.0829,0.1325,0.2198,5.9239,0.1813,1
0.3621,0.1886,0.0916,0.0901,4.7753,0.6238,0
0.2482,0.3026,0.0875,0.1159,0.999,0.7801,0
0.305,0.1781,0.1351,0.1174,1.4902,0.533,0
0.347,0.1544,0.1312,0.1429,5.8933,0.3883,0
0.2246,0.2684,0.0965,0.0643,1.0987,0.8725,0
0.6659,0.1754,0.1454,0.1696,5.1213,0.3194,1
0.3701,0.1755,0.1322,0.1458,3.9172,0.6544,0
0.2159,0.2488,0.1186,0.0842,2.4012,0.6785,1
0.2639,0.2199,0.0982,0.1249,3.7074,0.4618,1
0.1332,0.3389,0.0563,0.01,2.102,0.7477,0
0.465,0.1386,0.1586,0.2092,5.375,0.2609,0
0.4261,0.1495,0.1405,0.1737,5.7322,0.4109,1
0.3535,0.2518,0.1202,0.1638,2.2143,0.5447,0
0.5037,0.1525,0.121,0.1732,6.2599,0.4981,1
0.3467,0.1692,0.0842,0.0947,2.9743,0.6106,1
0.3632,0.1937,0.1526,0.179,5.3822,0.4103,1
0.2862,0.2321,0.0948,0.1484,4.9705,0.4669,1
0.4659,0.1932,0.137,0.1588,5.4616,0.3937,1
0.2943,0.2086,0.1127,0.1118,3.5354,0.6757,0
0.3362,0.1002,0.1046,0.2276,6.1373,0.4281,1
0.3878,0.1919,0.097,0.1151,3.322,0.4804,0
0.4819,0.2149,0.1183,0.159,4.2773,0.3025,1
0.2713,0.1175,0.142,0.1301,5.2931,0.5051,1
0.4473,0.1267,0.1424,0.2233,5.9512,0.2748,1
0.3534,0.1731,0.1154,0.1254,5.9394,0.4553,1
0.3614,0.1769,0.0778,0.1105,4.2287,0.6527,0
0.367,0.184,0.1727,0.1436,4.3858,0.3688,1
0.3169,0.2037,0.1202,0.1477,4.3489,0.4301,1
0.5308,0.1575,0.1574,0.1598,6.6147,0.2596,1
0.196,0.2013,0.074,0.0173,2.3434,0.561,0
0.4622,0.0962,0.1207,0.1865,5.8651,0.388,0
0.2736,0.2066,0.1507,0.071,4.278,0.4338,1
0.0973,0.2375,0.0356,0.0907,0.3131,0.6881,0
0.4112,0.2599,0.1241,0.1921,2.4542,0.4007,1
0.3911,0.2579,0.0967,0.1447,4.3868,0.3953,1
0.3915,0.2773,0.1034,0.1716,4.7051,0.4339,0
0.1267,0.2277,0.0564,0.0558,1.0362,0.7827,0
0.1743,0.2639,0.0646,0.1317,3.615,0.657,0
0.4981,0.2019,0.1313,0.1534,5.3419,0.3861,1
0.3134,0.2018,0.0764,0.0911,6.5646,0.5879,1
0.5724,0.1221,0.1435,0.1993,7.7915,0.2505,1
0.4206,0.2468,0.1109,0.1861,5.277,0.5416,0
0.3567,0.2095,0.0769,0.1354,2.461,0.6043,1
0.3793,0.1706,0.1618,0.1533,5.468,0.3713,1
0.2573,0.1475,0.0925,0.1297,4.9063,0.5669,0
0.4481,0.176,0.1364,0.2151,6.3444,0.3188,1
0.3143,0.1659,0.1129,0.154,5.5647,0.4346,1
0.2308,0.2344,0.0985,0.191,2.0193,0.5244,0
0.271,0.2466,0.1129,0.0726,4.4574,0.6146,0
0.4751,0.1668,0.1847,0.2056,4.9013,0.3547,1
0.1149,0.2561,0.0887,0.0877,0.0,0.5768,0
0.207,0.2938,0.0928,0.0389,1.1677,0.8711,0
0.4767,0.1465,0.1728,0.1684,3.4507,0.5066,1
0.4097,0.1459,0.1124,0.1559,2.7966,0.5397,0
0.3517,0.2275,0.1384,0.129,6.4164,0.5816,1
0.3151,0.1975,0.1072,0.1065,2.4564,0.7122,0
0.3512,0.1499,0.1111,0.0777,2.5071,0.415,1
0.5561,0.0954,0.1568,0.2214,6.664,0.3373,0
0.1723,0.242,0.0544,0.1041,1.9065,0.5947,0
0.5104,0.1246,0.1605,0.2085,7.8194,0.4162,1
0.4209,0.0792,0.1013,0.1808,4.6031,0.3573,1
0.3015,0.1899,0.0742,0.1118,4.1062,0.6031,0
0.3234,0.2594,0.1059,0.098,2.3879,0.5449,0
0.3257,0.1981,0.0776,0.1046,5.9932,0.7483,0
0.4891,0.1417,0.1421,0.1742,6.6517,0.2689,1
0.2921,0.2521,0.1063,0.1837,3.4828,0.6434,0
0.2878,0.2311,0.1141,0.1582,3.7876,0.5572,0
0.3754,0.2487,0.0871,0.0922,3.1803,0.5725,0
0.4386,0.0557,0.1488,0.2286,4.6443,0.3991,1
0.3328,0.245,0.1234,0.1444,4.2504,0.3623,1
0.2375,0.2563,0.0996,0.0962,4.4761,0.4226,0
0.2164,0.3019,0.0839,0.1531,3.3576,0.6093,1
0.3188,0.1738,0.1033,0.0652,1.715,0.4905,0
0.367,0.1108,0.1436,0.1438,3.6406,0.5314,1
0.396,0.162,0.1533,0.1559,6.5323,0.3899,1
0.3148,0.231,0.0678,0.0889,2.0904,0.7689,0
0.3193,0.2038,0.1131,0.1662,4.8238,0.4875,1
0.4686,0.2063,0.1131,0.1689,6.7094,0.1707,1
0.4527,0.1997,0.0949,0.1227,3.142,0.5717,0
0.3122,0.2218,0.0624,0.1266,3.407,0.6042,0
0.3255,0.2219,0.1066,0.1379,3.3425,0.607,1
0.3514,0.1557,0.144,0.1696,6.01,0.4253,1
0.3006,0.1665,0.1068,0.1569,4.4691,0.481,1
0.323,0.2347,0.1124,0.1927,4.083,0.462,0
0.2446,0.2672,0.0951,0.1162,4.1858,0.5023,0
0.4378,0.1859,0.167,0.1792,7.1338,0.2526,1
0.2993,0.1975,0.0951,0.068,3.7122,0.3824,0
0.2967,0.1248,0.092,0.0753,3.1579,0.5029,0
0.5067,0.1378,0.1282,0.1792,7.9335,0.175,1
0.2024,0.19,0.0746,0.1039,3.814,0.4737,0
0.2269,0.2185,0.1058,0.0867,2.6964,0.6111,0
0.259,0.1966,0.0927,0.1142,2.4459,0.6434,0
0.129,0.2713,0.066,0.0318,2.1463,0.7868,0
0.5187,0.1285,0.1542,0.1362,5.3803,0.3542,1
0.3882,0.1319,0.1472,0.1674,4.5715,0.3689,1
0.1466,0.2819,0.0565,0.134,2.8246,0.6125,0
0.4458,0.1266,0.1446,0.1357,5.792,0.3103,1
0.2974,0.2249,0.099,0.1093,2.9824,0.6014,0
0.4452,0.1914,0.13,0.1254,7.1523,0.2072,1
0.1696,0.2699,0.0957,0.0482,3.954,0.6954,0
0.5252,0.1976,0.0968,0.1508,5.9696,0.3323,1
0.1509,0.2559,0.1119,0.1148,3.6468,0.7097,0
0.4093,0.2139,0.1297,0.1236,4.6719,0.5225,1
0.3798,0.2405,0.1017,0.1217,5.3257,0.4804,1
0.266,0.2551,0.0745,0.0882,3.5067,0.7216,0
0.3921,0.1419,0.0663,0.1139,4.4458,0.4041,0
0.4021,0.1642,0.1129,0.1229,5.5597,0.4139,1
0.326,0.2166,0.1074,0.2022,5.1374,0.5547,1
0.4659,0.1484,0.1001,0.1519,7.0841,0.448,0
0.238,0.2854,0.1127,0.1102,2.673,0.7377,0
0.364,0.1883,0.1413,0.1283,4.2687,0.6107,1
0.2783,0.1935,0.1156,0.1543,4.2364,0.4957,1
0.3334,0.2201,0.1195,0.1951,4.6945,0.3933,0
0.4409,0.1516,0.1444,0.2261,3.7298,0.2742,1
0.2629,0.241,0.0884,0.0689,4.0444,0.6036,0
0.3154,0.2026,0.1092,0.2005,4.3788,0.3481,1
0.5425,0.0715,0.1404,0.2248,7.0473,0.1928,1
0.0984,0.2581,0.0606,0.0811,0.0,0.7058,0
0.3346,0.2607,0.0978,0.0963,3.5535,0.6487,0
0.2489,0.2255,0.0959,0.0987,2.3361,0.7343,0
0.2107,0.2785,0.1019,0.1358,2.1112,0.6612,0
0.5069,0.0713,0.1205,0.2325,6.9122,0.2297,0
0.1833,0.1673,0.1015,0.1377,1.9295,0.7265,0
0.4847,0.2009,0.1288,0.1696,4.6917,0.4218,1
0.2827,0.2527,0.1498,0.1065,3.4891,0.5766,0
0.3053,0.1982,0.0985,0.0495,4.6079,0.5248,1
0.377,0.2116,0.1192,0.0866,3.4102,0.477,1
0.3557,0.197,0.1871,0.155,4.3898,0.4351,1
0.2706,0.1606,0.1181,0.1046,4.3506,0.4947,0
0.375,0.1639,0.1135,0.1632,4.9072,0.4214,0
0.3322,0.1816,0.1065,0.1199,6.568,0.3472,1
0.3627,0.1986,0.1641,0.1573,4.5064,0.3887,1
0.5097,0.104,0.1177,0.1716,5.7362,0.3531,1
0.46,0.1545,0.142,0.2084,6.7506,0.3395,1
0.2446,0.1941,0.0981,0.1074,5.865,0.4345,0
0.3711,0.1869,0.1248,0.1771,4.2673,0.4946,1
0.3459,0.1729,0.0982,0.1659,4.3969,0.4895,1
0.5149,0.1483,0.1555,0.1907,5.644,0.2353,1
0.3378,0.2677,0.0934,0.1356,2.7521,0.6859,0
0.4377,0.1278,0.1174,0.186,5.3491,0.297,1
0.3859,0.1802,0.1401,0.0882,4.6238,0.4938,1
0.3765,0.0876,0.1304,0.1778,7.5777,0.4124,1
0.2163,0.1994,0.0992,0.0979,1.6048,0.7505,1
0.3944,0.1985,0.1407,0.1635,6.4474,0.5045,1
0.4879,0.163,0.1506,0.1639,5.4991,0.3362,1
0.4737,0.167,0.1017,0.2283,6.7104,0.1792,1
0.3548,0.2183,0.1263,0.1347,5.7941,0.3333,1
0.4581,0.2365,0.1374,0.1553,6.2848,0.3981,1
0.441,0.1241,0.1322,0.168,5.6215,0.4391,1
0.479,0.0717,0.1475,0.2593,7.3489,0.1987,1
0.3392,0.1447,0.0861,0.1648,4.4144,0.4371,1
0.3002,0.1885,0.1034,0.1427,3.8952,0.5299,0
0.2985,0.1824,0.0693,0.0747,2.9761,0.5462,0
0.3504,0.2005,0.1063,0.113,5.0431,0.5834,0
0.2972,0.2356,0.1222,0.1258,3.2433,0.4714,1
0.3678,0.2243,0.1548,0.1774,4.5495,0.3473,1
0.4624,0.1789,0.1194,0.1713,4.3194,0.5625,1
0.4556,0.2715,0.1479,0.1313,4.5701,0.3403,0
0.4622,0.1388,0.1582,0.1718,4.4257,0.3721,1
0.1285,0.2021,0.0593,0.0304,0.6219,0.6871,0
0.4316,0.2085,0.1088,0.1624,4.3072,0.3672,1
0.4056,0.0717,0.1154,0.225,7.756,0.3095,1
0.2715,0.222,0.0828,0.0259,0.938,0.7799,0
0.2611,0.2513,0.0762,0.1061,1.5242,0.6073,0
0.3189,0.1848,0.1409,0.1839,4.7487,0.4377,1
0.4436,0.1453,0.1258,0.1775,7.6503,0.3052,1
0.4928,0.0787,0.1383,0.1975,6.9434,0.1365,1
0.4822,0.1716,0.1322,0.1892,5.1486,0.4521,1
0.3678,0.2211,0.1082,0.1219,6.1133,0.4588,1
0.4798,0.1473,0.1436,0.1895,7.103,0.3374,1
0.4344,0.1401,0.1464,0.1288,5.5581,0.4012,1
0.2863,0.1498,0.1125,0.0742,3.4797,0.4934,1
0.2747,0.1931,0.0965,0.0968,3.4706,0.7028,0
0.4807,0.1646,0.1461,0.1496,4.7663,0.3936,1
0.4005,0.1514,0.1151,0.1998,5.9605,0.3815,1
0.3776,0.1556,0.1256,0.1774,5.9842,0.4919,0
0.4901,0.0495,0.152,0.2554,7.873,0.3778,1
0.5339,0.1421,0.1746,0.2169,7.5225,0.1872,1
0.4894,0.1042,0.1595,0.228,4.5538,0.2618,1
0.2373,0.2688,0.0802,0.0956,1.1668,0.7654,0
0.5667,0.1102,0.1679,0.1855,5.7912,0.3466,1
0.1469,0.2033,0.0774,0.0241,2.1402,0.6526,0
0.2115,0.2434,0.0916,0.1368,1.2838,0.5709,0
0.4932,0.2474,0.1331,0.1513,5.7104,0.3118,0
0.315,0.2467,0.1088,0.1527,5.1384,0.52,1
0.3099,0.2236,0.0911,0.1257,3.7132,0.7183,0
0.6154,0.1686,0.1716,0.1522,6.1287,0.3934,1
0.2386,0.1788,0.1198,0.0844,1.0472,0.6381,0
0.5462,0.0986,0.1628,0.2575,4.7061,0.2075,1
0.4351,0.0525,0.1702,0.229,4.7342,0.2653,1
0.4573,0.198,0.1237,0.1947,5.2633,0.1894,1
0.4569,0.2056,0.1163,0.1711,6.3813,0.2814,1
0.48,0.1749,0.1291,0.179,6.0936,0.4409,1
0.4122,0.1834,0.1246,0.1498,3.9798,0.3473,1
0.2946,0.1606,0.0918,0.1404,3.2753,0.7812,0
0.3364,0.1839,0.0817,0.1604,5.8172,0.4061,0
0.4894,0.2024,0.1763,0.1572,8.8217,0.1289,1
0.4265,0.1644,0.1786,0.1898,6.4816,0.4866,1
0.5294,0.118,0.1727,0.1914,6.2881,0.3855,1
0.4659,0.0971,0.1521,0.1677,6.1107,0.3693,1
0.2861,0.2489,0.1184,0.1445,5.657,0.5162,1
0.4074,0.1851,0.1007,0.1795,2.5331,0.4958,1
0.3147,0.1207,0.1171,0.1695,5.899,0.4859,0
0.3552,0.1641,0.1514,0.1063,3.4606,0.4106,0
0.4393,0.1029,0.1317,0.18,5.385,0.1331,1
0.2471,0.2621,0.0588,0.0408,0.9583,0.7035,0
0.39,0.1759,0.1524,0.116,5.6874,0.5296,1
0.3872,0.1622,0.1445,0.1466,3.6581,0.5898,1
0.5374,0.1659,0.1338,0.2586,6.4118,0.2366,1
0.2993,0.1949,0.11,0.088,4.9124,0.4012,1
0.4296,0.2029,0.1247,0.1738,5.8771,0.3788,1
0.3686,0.1649,0.1244,0.1517,5.275,0.4646,0
0.3585,0.2992,0.1462,0.1641,4.6448,0.4704,1
0.3583,0.1566,0.1069,0.1246,5.5902,0.2271,1
0.3422,0.1846,0.1188,0.0639,4.2622,0.8431,1
0.1893,0.1989,0.0871,0.0437,3.4253,0.7552,0
0.4216,0.1696,0.1702,0.1946,5.3687,0.4092,1
0.3532,0.1296,0.1174,0.1024,5.0565,0.4461,1
0.2692,0.203,0.1135,0.1249,5.2766,0.5551,1
0.3921,0.112,0.1289,0.2064,7.2049,0.504,0
0.3826,0.1541,0.136,0.1669,7.395,0.3145,1
0.4846,0.1014,0.1019,0.1904,5.7712,0.374,1
0.1801,0.2303,0.0767,0.1107,1.2888,0.6774,0
0.2696,0.2474,0.0904,0.1344,2.8469,0.632,0
0.3276,0.2635,0.0961,0.1223,4.8823,0.4571,1
0.3713,0.1439,0.1166,0.1232,5.0869,0.4873,0
0.2375,0.2504,0.0334,0.0756,1.0581,0.7519,0
0.3473,0.146,0.1187,0.216,6.2587,0.5245,1
0.3637,0.1385,0.1316,0.1372,3.7462,0.2787,1
0.4775,0.1256,0.1406,0.1667,4.2781,0.2687,1
0.4714,0.1901,0.1286,0.1908,5.6574,0.3459,1
0.2647,0.1497,0.1275,0.1832,4.457,0.3324,1
0.276,0.3566,0.0527,0.0754,0.0849,0.7365,0
0.5129,0.1591,0.1462,0.1694,5.7523,0.3899,0
0.2462,0.2075,0.0813,0.0602,1.3444,0.6835,0
0.2485,0.2131,0.0747,0.1052,2.9328,0.4712,0
0.3188,0.1298,0.1392,0.2108,4.979,0.3283,1
0.4652,0.1959,0.1378,0.1634,4.9763,0.3749,1
0.1675,0.1834,0.0761,0.0742,2.0549,0.703,0
0.4125,0.1274,0.1703,0.1206,5.8362,0.4808,1
0.4348,0.1314,0.1353,0.2365,7.3466,0.3738,1
0.427,0.1958,0.1241,0.1701,5.478,0.3768,1
0.3501,0.224,0.1174,0.1909,5.3056,0.3163,1
0.3026,0.2854,0.0717,0.0969,2.6398,0.5917,0
0.3458,0.188,0.1444,0.1699,5.8788,0.3316,0
0.5394,0.1683,0.114,0.117,5.5951,0.377,1
0.6417,0.1642,0.1409,0.1415,8.1218,0.3034,1
0.3537,0.1825,0.0815,0.1357,1.0117,0.652,0
0.4216,0.1205,0.0939,0.1388,4.049,0.5536,1
0.3724,0.1994,0.0863,0.1565,5.1232,0.4093,1
0.4205,0.152,0.1056,0.1013,4.3412,0.6004,0
0.4901,0.1342,0.167,0.174,5.6782,0.3189,1
0.2821,0.1875,0.1247,0.1813,3.4514,0.4521,1
0.4463,0.2,0.1474,0.1934,5.26,0.5198,1
0.3703,0.248,0.1185,0.0996,2.868,0.4965,0
0.4828,0.1744,0.1573,0.2164,4.6886,0.113,1
0.3017,0.1906,0.1584,0.1551,5.6055,0.3948,1
0.2277,0.2079,0.0921,0.0976,3.4696,0.6689,0
0.2974,0.1751,0.1295,0.2184,5.1207,0.4032,1
0.288,0.2138,0.0863,0.0741,1.6075,0.6448,0
0.3353,0.1535,0.165,0.2107,5.5076,0.2923,1
0.4034,0.2833,0.1234,0.1655,6.1347,0.2706,1
0.3753,0.1707,0.1199,0.1706,3.9203,0.4823,1
0.206,0.2327,0.1126,0.1547,1.8911,0.5501,1
0.3883,0.155,0.1042,0.1576,4.1037,0.4106,1
0.4556,0.1853,0.1554,0.1895,6.2777,0.2412,1
0.2888,0.2653,0.0965,0.1322,2.1379,0.7454,0
0.2205,0.2434,0.0982,0.1531,4.1749,0.6299,0
0.182,0.2477,0.0969,0.1221,3.5513,0.5841,0
0.2671,0.2107,0.0994,0.0478,5.5731,0.4845,0
0.2963,0.2138,0.1364,0.1849,6.1175,0.3546,1
0.2779,0.2723,0.0626,0.0678,1.8455,0.6974,1
0.4969,0.1795,0.1772,0.1469,4.7077,0.4247,1
0.2438,0.2707,0.0913,0.109,1.3364,0.5828,0
0.37,0.1298,0.1194,0.1761,4.4056,0.2724,1
0.1843,0.22,0.052,0.0956,0.7218,0.7607,0
0.3752,0.2006,0.1344,0.1189,3.7903,0.503,1
0.4235,0.083,0.1326,0.2282,6.2071,0.3758,1
0.3975,0.2128,0.1069,0.1762,3.4251,0.4543,1
0.2891,0.1768,0.1072,0.1291,3.5021,0.6131,0
0.162,0.2321,0.0911,0.0875,1.1035,0.5439,0
0.2882,0.1954,0.1202,0.1603,2.8221,0.4558,1
0.3918,0.1847,0.1209,0.1796,4.1081,0.4904,1
0.2818,0.1823,0.1157,0.1311,3.0903,0.3927,0
0.3141,0.2137,0.1044,0.1413,3.9917,0.6033,0
0.2707,0.2094,0.1094,0.1219,3.4025,0.4445,0
0.3294,0.1853,0.1165,0.184,4.7379,0.5235,0
0.3974,0.175,0.1282,0.1562,3.3641,0.6619,0
0.2811,0.2581,0.1019,0.0946,3.0433,0.6293,0
0.2708,0.1594,0.0664,0.1509,4.1527,0.5308,0
0.3529,0.1421,0.1382,0.1228,4.4451,0.3854,1
0.2864,0.1871,0.1214,0.1425,5.096,0.6785,0
0.2534,0.2466,0.0556,0.0756,4.4932,0.8493,0
0.4292,0.148,0.0705,0.1795,4.5646,0.572,0
0.1571,0.2011,0.1152,0.1139,2.8643,0.4824,0
0.197,0.2444,0.1101,0.0517,3.5086,0.7325,0
0.2892,0.2916,0.0542,0.0671,1.7444,0.8269,0
0.1816,0.2519,0.0879,0.0652,1.7759,0.6446,0
0.274,0.1691,0.0917,0.1023,2.9926,0.6573,0
0.342,0.1835,0.1029,0.1167,3.3573,0.4545,0
0.443,0.1966,0.1404,0.1512,4.6811,0.3893,1
0.4681,0.1351,0.0947,0.157,5.8433,0.2457,1
0.3471,0.2006,0.0855,0.1375,3.1242,0.4485,1
0.3857,0.2088,0.0983,0.0898,3.6489,0.5449,0
0.3362,0.174,0.1137,0.0922,3.0372,0.4398,1
0.2186,0.3334,0.0715,0.1106,3.044,0.5048,0
0.3127,0.1849,0.1249,0.1443,2.8354,0.4756,0
0.3729,0.1751,0.1284,0.2001,4.6103,0.3703,1
0.4205,0.1459,0.1162,0.1729,4.8921,0.4124,1
0.3313,0.2118,0.1215,0.1877,5.4859,0.4787,1
0.2571,0.2472,0.0997,0.146,3.9863,0.6166,0
0.4019,0.1605,0.1367,0.2284,5.2083,0.4206,1
0.3887,0.1493,0.1216,0.2776,5.8907,0.4308,1
0.5267,0.1068,0.1179,0.1418,6.0438,0.2087,1
0.4009,0.1163,0.1275,0.1068,6.3823,0.5172,1
0.3286,0.2685,0.0943,0.0994,2.3892,0.7037,0
0.3609,0.1571,0.0982,0.1685,5.7275,0.4011,0
0.362,0.1057,0.0808,0.1252,5.1951,0.4955,0
0.5277,0.1994,0.1581,0.2312,6.1013,0.2506,1
0.4161,0.1521,0.1047,0.1397,3.9973,0.4967,1
0.2614,0.2188,0.063,0.077,2.3406,0.7086,0
0.3626,0.2152,0.1608,0.1705,4.6327,0.2072,1
0.4507,0.1714,0.1117,0.1498,4.5115,0.4562,1
0.1339,0.2662,0.0876,0.0735,2.3978,0.6224,0
0.4475,0.1241,0.1273,0.1455,4.0901,0.3923,1
0.4328,0.1112,0.1305,0.1476,6.3245,0.5358,1
0.4384,0.1344,0.1426,0.2135,6.0128,0.168,1
0.1781,0.2515,0.0338,0.0825,4.6633,0.5252,0
0.3823,0.2073,0.0904,0.1691,3.5694,0.5085,1
0.2639,0.199,0.0961,0.0819,3.1639,0.6918,0
0.2669,0.2462,0.0889,0.0448,1.294,0.7121,0
0.2573,0.1501,0.0594,0.1125,2.4021,0.4492,0
0.5124,0.1723,0.1377,0.194,7.26,0.1968,1
0.3691,0.2012,0.0908,0.1099,4.7365,0.4976,0
0.5058,0.2186,0.1524,0.2382,7.532,0.1817,1
0.1886,0.2456,0.0813,0.1368,0.8937,0.6965,0
0.4287,0.13,0.1451,0.1475,6.0172,0.4005,1
0.5641,0.1361,0.17,0.2443,5.5937,0.2309,1
0.2647,0.2105,0.1044,0.032,1.7527,0.7467,0
0.5277,0.1542,0.1667,0.2333,6.8547,0.3125,1
0.3125,0.2088,0.0982,0.0956,3.9644,0.6369,1
0.4347,0.1125,0.1896,0.201,5.6087,0.4401,1
0.5446,0.0922,0.1121,0.1488,6.4879,0.3339,1
0.4573,0.1895,0.1126,0.1516,5.7776,0.413,0
0.2065,0.3042,0.0975,0.0507,3.534,0.6756,0
0.3155,0.2136,0.1185,0.1119,2.4368,0.6048,1
0.2971,0.229,0.1219,0.1888,5.6939,0.4444,1
0.4107,0.2058,0.1452,0.1658,7.3425,0.5135,1
0.24,0.252,0.0425,0.1468,2.0039,0.6106,0
0.49,0.1259,0.1677,0.1651,4.0676,0.3663,1
0.5503,0.141,0.1477,0.2499,5.3796,0.2329,1
0.3669,0.2089,0.1596,0.1256,5.1893,0.3212,1
0.2065,0.2906,0.026,0.0433,3.2453,0.9527,0
0.4857,0.1686,0.1535,0.1829,6.5585,0.2372,1
0.2237,0.1994,0.0875,0.156,2.7042,0.5551,1
0.4022,0.195,0.1195,0.1321,3.2409,0.4687,0
0.5602,0.141,0.1503,0.1284,4.9317,0.303,1
0.2833,0.2218,0.1024,0.0639,3.9562,0.5943,0
0.225,0.3029,0.0537,0.0364,1.6753,0.6382,0
0.4153,0.0912,0.1182,0.1748,6.7575,0.4181,1
0.5972,0.1313,0.1501,0.2328,7.5171,0.288,1
0.3793,0.1947,0.1212,0.1234,4.967,0.5839,0
0.2973,0.1272,0.141,0.1337,4.5353,0.4425,1
0.4906,0.2116,0.1225,0.1686,3.5783,0.4556,1
0.432,0.1565,0.0935,0.1124,3.766,0.4249,0
0.2664,0.1983,0.1043,0.1296,2.17,0.5185,1
0.2794,0.2697,0.1649,0.146,5.133,0.42,1
0.4034,0.224,0.1532,0.1402,4.3316,0.3219,1
0.2073,0.2634,0.0253,0.0965,3.3615,0.6103,1
0.4643,0.1716,0.1385,0.1821,5.9584,0.4133,1
0.3069,0.2192,0.1125,0.1159,2.7087,0.5761,0
0.4851,0.2079,0.1514,0.171,5.8065,0.2032,0
0.3367,0.204,0.1183,0.18,5.4917,0.372,1
0.5064,0.1117,0.1411,0.2265,6.2025,0.3834,1
0.2954,0.145,0.1204,0.1385,4.9114,0.4396,0
0.2908,0.241,0.0756,0.1275,2.592,0.603,0
0.2222,0.2081,0.1273,0.1151,4.2455,0.5446,0
0.3586,0.1262,0.1193,0.1755,6.3675,0.4509,0
0.3915,0.2101,0.0957,0.1399,4.6099,0.5021,1
0.4742,0.1481,0.1582,0.1418,6.5048,0.3553,1
0.3827,0.1831,0.1029,0.1975,6.1697,0.4258,1
0.3487,0.1838,0.12,0.119,7.3223,0.3766,1
0.4482,0.131,0.1265,0.1888,6.2369,0.4764,1
0.4618,0.1879,0.1762,0.1605,6.2682,0.3687,1
0.3766,0.1716,0.1016,0.1261,4.3592,0.3408,0
0.2367,0.2065,0.052,0.1083,2.3074,0.6534,0
0.3244,0.1877,0.0928,0.0987,2.4783,0.576,0
0.4736,0.2249,0.1318,0.1683,6.1445,0.4337,1
0.3562,0.1835,0.129,0.1376,3.256,0.4688,1
0.3251,0.2194,0.1777,0.1514,6.2368,0.2034,1
0.2725,0.2979,0.1215,0.1403,3.3868,0.4572,0
0.5358,0.1388,0.1335,0.1718,6.2542,0.5191,1
0.304,0.0636,0.1044,0.1709,4.3287,0.3875,1
0.2798,0.2616,0.1301,0.1502,2.4549,0.664,0
0.2607,0.2075,0.0894,0.1481,3.5661,0.464,0
0.5053,0.1007,0.1372,0.2201,6.3822,0.1759,1
0.4036,0.1528,0.1164,0.1475,3.7784,0.4728,0
0.3176,0.2142,0.0657,0.0525,4.7387,0.621,0
0.4935,0.1915,0.1384,0.2041,5.7104,0.3191,1
0.5787,0.1408,0.1463,0.2366,5.7199,0.2549,1
0.4056,0.2198,0.1443,0.1761,5.0876,0.3713,1
0.2699,0.2347,0.0929,0.01,4.6974,0.5134,0
0.2952,0.1856,0.0859,0.1584,1.9668,0.4065,1
0.0439,0.2519,0.0358,0.082,2.4787,0.8837,0
0.2849,0.2459,0.0995,0.0946,2.1852,0.7263,0
0.4264,0.243,0.1051,0.1481,3.899,0.4665,0
0.4087,0.2204,0.1111,0.1708,4.167,0.346,0
0.4923,0.1434,0.1295,0.1614,7.9167,0.3034,1
0.2718,0.2197,0.1098,0.1538,3.6577,0.5865,0
0.1936,0.2697,0.1088,0.0398,1.4585,0.6751,0
0.2621,0.233,0.0642,0.0739,1.7843,0.7374,0
0.522,0.1274,0.1288,0.1559,5.2453,0.4006,1
0.5672,0.1114,0.1644,0.1687,6.5177,0.2824,1
0.3551,0.1992,0.0889,0.1291,4.1288,0.7374,0
0.2509,0.2574,0.0903,0.1345,2.7914,0.5879,0
0.2197,0.2972,0.08,0.1148,0.7713,0.8226,0
0.4375,0.0876,0.1201,0.2172,6.0738,0.4003,1
0.1275,0.2202,0.0858,0.0296,2.8672,0.721,0
0.222,0.2011,0.101,0.0726,2.755,0.4155,0
0.3543,0.2237,0.1262,0.1441,5.053,0.481,0
0.2263,0.2117,0.0657,0.092,2.7477,0.5961,0
0.3706,0.1338,0.1409,0.1702,5.8252,0.3215,0
0.3935,0.1185,0.1533,0.2153,6.2616,0.3279,1
0.2565,0.2401,0.1386,0.1099,1.4702,0.6508,0
0.3813,0.1472,0.1646,0.1984,5.257,0.4093,1
0.3815,0.1458,0.104,0.1912,6.4229,0.4948,1
0.4121,0.151,0.1431,0.1751,7.4483,0.3298,1
0.3478,0.2242,0.1134,0.2312,7.1843,0.3443,1
0.2096,0.2269,0.0738,0.0264,1.3765,0.798,0
0.13,0.199,0.0741,0.0751,3.1803,0.7771,0
0.1872,0.2591,0.0701,0.0916,4.5006,0.5505,0
0.3605,0.1915,0.1103,0.1899,5.7946,0.5014,1
0.247,0.2606,0.1033,0.116,2.9891,0.6223,0
0.4991,0.1609,0.1502,0.1757,7.2176,0.2559,1
0.3349,0.1844,0.1269,0.1201,5.0868,0.5076,0
0.1454,0.2354,0.0835,0.116,2.567,0.6928,0
0.5266,0.1582,0.165,0.2253,6.181,0.2514,1
0.2781,0.2562,0.1145,0.1614,3.3275,0.5881,0
0.4571,0.2304,0.1126,0.1428,4.0545,0.4875,0
0.4275,0.108,0.1395,0.1955,4.6717,0.3819,1
0.3432,0.2459,0.1488,0.146,2.6523,0.4175,0
0.6396,0.1243,0.1512,0.1803,6.1197,0.1991,1
0.3697,0.1502,0.1231,0.1477,4.5813,0.4307,1
0.3036,0.216,0.0978,0.0689,3.2302,0.5967,0
0.4465,0.2036,0.1241,0.1781,5.8081,0.3535,1
0.4808,0.1809,0.1268,0.1987,5.8935,0.3714,0
0.2356,0.2324,0.0876,0.1118,2.0627,0.7477,0
0.5319,0.161,0.1452,0.2315,6.0793,0.3241,1
0.3581,0.1972,0.1124,0.1356,5.2694,0.5903,1
0.3269,0.1651,0.1017,0.19,4.4348,0.3584,1
0.1695,0.2403,0.0693,0.0796,0.8297,0.6827,0
0.4304,0.2245,0.1166,0.1625,3.5331,0.5183,1
0.4772,0.1683,0.1235,0.2055,4.4719,0.4063,1
0.4166,0.1189,0.0861,0.1555,4.5775,0.39,1
0.3615,0.2414,0.1171,0.1331,3.1806,0.4951,0
0.1818,0.2174,0.0895,0.1121,2.2767,0.6274,0
0.3548,0.2483,0.0998,0.1128,5.3308,0.489,1
0.2526,0.195,0.0935,0.0386,2.3784,0.6019,0
0.5547,0.1412,0.1143,0.1491,7.6925,0.4976,1
0.1391,0.2271,0.0965,0.0648,3.0238,0.7251,0
0.4266,0.1131,0.1388,0.1738,7.9507,0.4086,1
0.4208,0.1958,0.0551,0.0697,3.9885,0.5228,0
0.4713,0.2192,0.1458,0.1926,6.6904,0.3559,1
0.357,0.2371,0.0822,0.0918,2.2867,0.6397,0
0.2276,0.2121,0.0715,0.1163,3.0997,0.748,0
0.3767,0.1147,0.1028,0.2041,3.8873,0.447,0
0.4086,0.0942,0.1305,0.1852,4.0799,0.491,1
0.5117,0.1309,0.1301,0.1628,7.5137,0.2058,1
0.3953,0.1808,0.069,0.1425,2.5499,0.6099,0
0.2057,0.2147,0.1206,0.1036,3.5267,0.6113,0
0.215,0.1449,0.0828,0.0826,1.7169,0.5671,0
0.3488,0.2101,0.0868,0.0887,4.6177,0.7195,0
0.1543,0.3051,0.0474,0.0441,2.714,0.9058,0
0.2692,0.2768,0.118,0.1113,4.0969,0.3901,0
0.4908,0.0861,0.1079,0.1971,6.8469,0.3762,1
0.4245,0.1572,0.1194,0.1575,4.4956,0.5246,1
0.3406,0.1515,0.1073,0.2009,6.8655,0.4899,1
0.3752,0.1935,0.1072,0.1642,5.2989,0.5833,1
0.2985,0.1356,0.0977,0.1603,3.7843,0.5541,1
0.1655,0.3095,0.0712,0.0733,2.4046,0.6948,0
0.3339,0.2031,0.1093,0.0973,3.842,0.6975,0
0.4175,0.1625,0.1351,0.1496,5.1242,0.4586,1
0.2751,0.2625,0.095,0.1104,2.4417,0.4772,0
0.1657,0.2456,0.0793,0.01,2.5586,0.645,0
0.2811,0.2103,0.1314,0.1062,2.8971,0.5873,1
0.4563,0.1323,0.1003,0.2205,3.0561,0.3005,1
0.3177,0.1049,0.1351,0.1864,5.3432,0.3211,1
0.4027,0.1248,0.1227,0.1759,5.3587,0.2939,1
0.1853,0.3,0.0811,0.1279,2.6796,0.587,0
0.3834,0.2146,0.1219,0.0835,1.3843,0.4528,1
0.1746,0.229,0.0879,0.1182,2.4688,0.4743,0
0.3427,0.1568,0.0882,0.173,4.0441,0.587,1
0.6102,0.1672,0.1798,0.2043,6.2303,0.2092,1
0.5548,0.0983,0.158,0.1301,6.3624,0.488,1
0.387,0.0743,0.1107,0.1884,8.0017,0.2902,1
0.2305,0.2224,0.0526,0.1181,2.7492,0.7847,0
0.163,0.3192,0.0962,0.0916,3.41,0.7194,0
0.3453,0.2428,0.125,0.1247,6.5041,0.4869,1
0.4213,0.1446,0.1634,0.2431,4.55,0.4107,1
0.5272,0.126,0.1517,0.1453,6.4012,0.3464,1
0.5444,0.0664,0.1585,0.1992,7.8057,0.3341,1
0.3094,0.1946,0.0949,0.1085,3.96,0.6759,1
0.3228,0.2253,0.1081,0.0777,2.4938,0.5614,0
0.163,0.2439,0.0768,0.1026,4.0794,0.6214,1
0.4692,0.1662,0.18,0.2281,5.4221,0.2374,1
0.3959,0.1482,0.1459,0.2182,4.7474,0.3802,1
0.4937,0.1617,0.1314,0.1866,5.8446,0.2786,1
0.156,0.2336,0.0876,0.0303,1.9962,0.5763,0
0.4646,0.167,0.1889,0.2057,6.4828,0.2828,1
0.2086,0.222,0.0792,0.0977,3.3653,0.7537,0
0.4073,0.1894,0.1391,0.1698,4.3035,0.3367,1
0.3993,0.2011,0.1101,0.1541,3.6451,0.5292,0
0.2307,0.244,0.0859,0.0802,2.8983,0.6845,0
0.3819,0.2055,0.0963,0.1625,4.3188,0.3929,1
0.304,0.1563,0.0981,0.1031,2.6718,0.6564,0
0.3415,0.1719,0.1018,0.1458,1.6045,0.6206,0
0.2451,0.2088,0.1337,0.1748,3.5439,0.6197,0
0.2485,0.1719,0.0556,0.102,4.3859,0.7062,0
0.4907,0.1491,0.126,0.1688,4.4285,0.392,1
0.3393,0.1563,0.1537,0.17,6.2393,0.2671,1
0.4434,0.2504,0.1064,0.1125,4.0698,0.4722,1
0.1684,0.2367,0.0872,0.1181,1.0264,0.4857,0
0.277,0.2535,0.0857,0.1294,2.6561,0.6102,0
0.4034,0.1624,0.1224,0.1733,5.1117,0.3892,1
0.437,0.1878,0.0677,0.1466,3.357,0.6212,1
0.3733,0.1773,0.1149,0.1621,5.6077,0.4406,1
0.2924,0.2321,0.0884,0.0977,5.7818,0.5986,0
0.2165,0.2825,0.0906,0.1014,1.207,0.5185,0
0.3228,0.1996,0.0912,0.1316,3.3647,0.5205,1
0.216,0.17,0.078,0.1184,1.6953,0.5359,0
0.3154,0.1338,0.0994,0.1521,2.6798,0.4911,1
0.1955,0.1575,0.1274,0.1598,5.3411,0.5252,1
0.4252,0.0715,0.1213,0.1552,5.4719,0.462,1
0.4192,0.2382,0.1097,0.1678,3.6,0.4329,1
0.2703,0.2704,0.0827,0.0886,2.1793,0.6756,0
0.3579,0.1939,0.1193,0.1228,2.0614,0.5052,0
0.1584,0.2167,0.0744,0.0703,1.5802,0.7617,0
0.5004,0.1949,0.1267,0.1793,7.1981,0.4197,1
0.2099,0.176,0.0947,0.1368,3.6776,0.6225,0
0.4087,0.1468,0.0768,0.1238,4.733,0.3349,1
0.3006,0.1675,0.1084,0.2065,3.5975,0.5111,0
0.3102,0.185,0.1142,0.1749,4.9112,0.2812,1
0.3053,0.23,0.0881,0.0904,4.4033,0.5944,0
0.4934,0.2175,0.1138,0.1696,5.7421,0.3374,1
0.3783,0.2275,0.1107,0.1692,4.5297,0.3569,1
0.3913,0.2109,0.1231,0.1073,3.8258,0.6176,1
0.1979,0.274,0.1111,0.0478,1.3849,0.6834,0
0.4071,0.1677,0.0948,0.1049,3.5358,0.5076,1
0.4024,0.0847,0.1262,0.1941,6.4833,0.5207,1
0.2969,0.1909,0.089,0.0574,4.1704,0.6296,0
0.3815,0.1531,0.1354,0.103,4.7395,0.4016,0
0.2217,0.2311,0.0777,0.0827,3.2381,0.77,0
0.3727,0.1511,0.1184,0.1352,4.9858,0.4463,1
0.2245,0.2048,0.1062,0.0829,2.8711,0.7016,0
0.5635,0.156,0.1411,0.1926,5.6266,0.2657,0
0.2978,0.3204,0.1049,0.0276,3.3829,0.7413,0
0.4116,0.0865,0.1377,0.1945,6.6258,0.2224,1
0.0747,0.2038,0.0583,0.0436,3.6006,0.7293,0
0.4337,0.1403,0.123,0.1455,7.3574,0.3967,1
0.3757,0.2057,0.1502,0.1685,3.7776,0.3313,1
0.3455,0.1829,0.1071,0.1323,3.1274,0.4578,1
0.4193,0.1497,0.1423,0.1328,2.0523,0.4623,1
0.1702,0.2791,0.066,0.0136,2.9194,0.7051,0
0.3302,0.232,0.0986,0.148,4.959,0.3729,1
0.1818,0.2534,0.0893,0.0714,1.9471,0.6981,0
0.3607,0.1893,0.0788,0.0898,1.9339,0.5574,1
0.2841,0.229,0.1151,0.0784,3.2225,0.5959,0
0.3505,0.1546,0.1396,0.1709,5.6994,0.3771,1
0.214,0.2072,0.082,0.1255,4.1481,0.5424,0
0.2162,0.2261,0.0795,0.0806,2.4318,0.6543,0
0.2329,0.2482,0.092,0.1666,4.2596,0.5587,0
0.4012,0.1472,0.1562,0.2218,6.4782,0.3436,0
0.315,0.2617,0.1351,0.104,4.4088,0.6108,0
0.4061,0.2401,0.1109,0.1672,5.2239,0.5721,1
0.4782,0.1535,0.1612,0.2044,5.4984,0.3493,1
0.5473,0.1037,0.158,0.2169,8.53,0.3349,1
0.4681,0.1933,0.1407,0.2232,7.2376,0.4323,1
0.5465,0.1499,0.1496,0.1804,7.3066,0.3688,1
0.3984,0.2919,0.1005,0.1445,4.8275,0.3704,1
0.3568,0.1426,0.1603,0.2442,8.5427,0.2915,1
0.249,0.2533,0.0884,0.1107,1.3857,0.7058,0
0.5109,0.1545,0.1276,0.1831,7.6096,0.4008,1
0.2339,0.2233,0.1133,0.0482,2.4681,0.5538,1
0.499,0.1261,0.1517,0.1334,7.7269,0.3163,1
0.4172,0.1957,0.1155,0.2104,4.8233,0.4537,1
0.2647,0.2476,0.1201,0.1092,1.7208,0.7614,0
0.2943,0.2942,0.0432,0.0584,1.6012,0.5852,0
0.3366,0.2356,0.1209,0.1143,4.1271,0.5386,0
0.4366,0.1381,0.1195,0.1503,5.6003,0.1972,1
0.2958,0.1954,0.1089,0.1105,3.0839,0.5544,1
0.0495,0.1888,0.0722,0.0549,1.7282,0.8527,0
0.3952,0.2341,0.1117,0.124,6.0049,0.3812,1
0.42,0.1131,0.177,0.1402,8.4502,0.2654,1
0.277,0.2639,0.1313,0.0537,0.8834,0.6519,0
0.4301,0.1764,0.1272,0.1996,8.2574,0.3665,1
0.241,0.262,0.0856,0.0443,2.2295,0.7324,0
0.4197,0.1931,0.1125,0.1486,4.7211,0.5327,1
0.3381,0.1648,0.1469,0.1629,3.7639,0.428,1
0.4489,0.1681,0.0635,0.1228,3.7689,0.529,0
0.1715,0.3348,0.0765,0.0471,1.5736,0.8239,0
0.3512,0.1665,0.1192,0.1768,4.545,0.437,1
0.351,0.2242,0.0759,0.141,4.0916,0.5331,1
0.3946,0.2223,0.1235,0.2034,6.5806,0.4084,1
0.3436,0.1919,0.1417,0.1769,2.1589,0.5708,0
0.3185,0.1997,0.1077,0.1929,5.1933,0.503,1
0.3012,0.2059,0.1232,0.0608,3.5111,0.4785,1
0.452,0.1036,0.1653,0.1733,5.1263,0.2648,1
0.2975,0.1947,0.1084,0.1277,5.9355,0.5083,0
0.5395,0.1623,0.1507,0.2128,5.5837,0.1707,1
0.4126,0.1632,0.0862,0.0971,3.6034,0.4774,0
0.3651,0.2003,0.0874,0.0628,3.3234,0.6454,0
0.3337,0.1841,0.1337,0.1793,3.6456,0.4185,1
0.3572,0.3016,0.1005,0.0939,3.3602,0.6112,0
0.2736,0.1169,0.1234,0.0963,4.5991,0.4221,1
0.2071,0.2351,0.1032,0.0799,3.672,0.4871,0
0.2401,0.1964,0.1498,0.1344,3.662,0.6996,0
0.4079,0.1449,0.1198,0.1385,4.5442,0.3157,1
0.4331,0.1771,0.1495,0.1505,5.173,0.3619,1
0.3369,0.2103,0.1229,0.1191,4.604,0.4637,1
0.4177,0.1847,0.1716,0.1275,5.3549,0.3597,1
0.2772,0.2226,0.076,0.1557,4.9133,0.6222,0
0.3882,0.2346,0.1194,0.1521,4.2968,0.635,1
0.2942,0.2535,0.1004,0.1169,5.0312,0.4584,0
0.1577,0.2861,0.0794,0.0542,3.1062,0.6708,0
0.1719,0.2076,0.116,0.1408,4.1396,0.753,0
0.3205,0.2103,0.1235,0.1584,5.1256,0.5485,1
0.5498,0.1632,0.1699,0.2283,6.3576,0.3538,1
0.2457,0.2016,0.0752,0.074,2.5962,0.5954,0
0.1236,0.199,0.055,0.0621,1.2979,0.8393,0
0.4455,0.1033,0.1202,0.1598,2.5234,0.5132,1
0.4848,0.1305,0.1544,0.1949,7.7077,0.2448,1
0.5083,0.1765,0.1284,0.167,5.7352,0.3258,1
0.3428,0.1799,0.0738,0.0819,3.7705,0.6239,0
0.3293,0.2434,0.133,0.1402,3.8698,0.6479,0
0.188,0.2259,0.0903,0.068,3.9083,0.4994,0
0.5394,0.2265,0.1557,0.178,3.7875,0.3397,1
0.4812,0.1661,0.1407,0.1942,4.8608,0.2709,1
0.362,0.1378,0.1352,0.1459,2.3694,0.4012,1
0.5854,0.1429,0.1683,0.2283,6.9798,0.2165,1
0.3695,0.2278,0.0929,0.1179,3.2366,0.5906,0
0.5316,0.1313,0.1466,0.1626,5.0493,0.3654,1
0.3151,0.1329,0.1545,0.1569,4.7688,0.4782,1
0.3242,0.2135,0.1091,0.1369,3.2388,0.569,0
0.2132,0.1773,0.1172,0.0952,1.911,0.6273,0
0.2163,0.3034,0.0873,0.0464,4.2166,0.6023,0
0.2145,0.2272,0.089,0.0756,2.2463,0.7642,0
0.4451,0.2316,0.1371,0.1555,4.4865,0.2989,1
0.4551,0.064,0.1528,0.2331,5.4518,0.2769,1
0.2808,0.2184,0.1171,0.1249,3.3483,0.5877,1
0.2248,0.2774,0.0703,0.1077,3.0532,0.5823,1
0.4059,0.1535,0.1217,0.1142,5.793,0.5069,1
0.2688,0.251,0.0705,0.0876,1.6405,0.7436,0
0.1612,0.2355,0.0699,0.0536,3.8098,0.6867,0
0.3847,0.1645,0.141,0.1196,3.9496,0.6006,0
0.3279,0.2205,0.0887,0.1412,4.0422,0.6081,0
0.439,0.1068,0.1079,0.1881,6.7519,0.3739,1
0.2927,0.1749,0.1388,0.0782,6.0853,0.4853,0
0.2811,0.2095,0.0885,0.1378,5.813,0.4105,1
0.3596,0.1623,0.0896,0.1665,4.9607,0.5712,1
0.2343,0.1476,0.1359,0.1338,4.5492,0.3749,1
0.4859,0.214,0.1302,0.1654,2.6758,0.4136,1
0.3644,0.2245,0.1224,0.081,4.0445,0.4689,1
0.257,0.1855,0.0842,0.0145,4.0386,0.5892,0
0.082,0.1926,0.0546,0.0508,3.1432,0.6457,0
0.3306,0.12,0.1125,0.1856,5.6669,0.2858,1
0.2909,0.2367,0.0953,0.0165,5.1459,0.6626,0
0.4652,0.2045,0.0886,0.112,3.9294,0.3885,0
0.3391,0.2122,0.1283,0.0942,4.1234,0.5134,1
0.4509,0.1607,0.1172,0.1523,4.6503,0.46,1
0.4216,0.1171,0.1424,0.2403,4.7912,0.3018,1
0.3337,0.2366,0.1132,0.1237,4.6789,0.552,0
0.3524,0.1971,0.1057,0.1052,3.5579,0.5718,0
0.3835,0.1792,0.1377,0.187,5.8097,0.3123,1
0.2312,0.1599,0.0895,0.106,2.7476,0.5075,0
0.5263,0.1348,0.1402,0.1712,5.7132,0.3983,1
0.3618,0.2293,0.1216,0.1702,2.321,0.5154,0
0.3401,0.1925,0.0482,0.1204,3.5689,0.6111,0
0.2861,0.2336,0.1223,0.1375,4.1058,0.4828,0
0.5363,0.0603,0.142,0.1781,4.8364,0.3148,1
0.2284,0.2226,0.0932,0.069,2.1186,0.6582,0
0.1977,0.2535,0.0466,0.0897,1.3416,0.604,0
0.3054,0.2821,0.0959,0.106,5.3109,0.5629,1
0.3396,0.138,0.0977,0.184,3.6062,0.4929,1
0.4033,0.1989,0.1424,0.13,5.5173,0.4071,1
0.229,0.2707,0.0642,0.1411,1.8065,0.7615,0
0.2782,0.2128,0.0654,0.0973,1.7991,0.5911,0
0.2753,0.2013,0.1106,0.0827,3.6681,0.5199,0
0.0645,0.2726,0.0556,0.07,1.1195,0.78,0
0.1535,0.1696,0.0734,0.078,2.872,0.6413,0
0.3582,0.1316,0.1595,0.1875,6.4231,0.1633,1
0.4649,0.2138,0.1522,0.1573,5.0704,0.4138,1
0.3942,0.1701,0.1562,0.1831,6.9963,0.3332,1
0.4495,0.1551,0.1511,0.2017,5.3146,0.1907,1
0.2593,0.2346,0.0866,0.1118,2.7322,0.6171,0
0.4581,0.1729,0.1373,0.1528,6.4543,0.2504,1
0.3898,0.2181,0.105,0.1123,4.7956,0.4243,1
0.2949,0.1947,0.1027,0.119,4.0036,0.4688,1
0.2766,0.2198,0.1254,0.1871,6.056,0.3822,1
0.3401,0.2414,0.1084,0.1224,4.9766,0.6073,1
0.3246,0.2389,0.1146,0.1645,3.2463,0.5768,0
0.4596,0.1544,0.1411,0.1678,3.464,0.2912,1
0.538,0.1185,0.1434,0.157,4.2747,0.3752,1
0.3754,0.1385,0.1762,0.1629,4.3481,0.3066,1
0.4693,0.1414,0.134,0.1918,8.2926,0.1854,1
0.3737,0.0768,0.106,0.179,3.9677,0.3351,1
0.4941,0.192,0.1417,0.1989,6.372,0.4728,1
0.4263,0.238,0.103,0.1748,3.7792,0.4041,0
0.359,0.22,0.1064,0.1345,5.3603,0.3667,0
0.3341,0.1752,0.0732,0.1478,1.7564,0.3577,0
0.4012,0.1727,0.0892,0.1497,3.6349,0.4739,0
0.4746,0.1846,0.0971,0.1626,6.6166,0.3914,0
0.4024,0.1927,0.102,0.1433,4.809,0.4644,0
0.3734,0.2116,0.1059,0.1547,3.9611,0.4316,1
0.264,0.2412,0.1011,0.1253,1.4098,0.6219,0
0.4544,0.2138,0.1534,0.1402,3.94,0.4314,1
0.5093,0.1051,0.1546,0.1655,7.456,0.3336,1
0.181,0.2613,0.0448,0.0624,1.5729,0.7784,0
0.437,0.1367,0.1527,0.1637,5.9604,0.2684,1
0.5857,0.1246,0.1569,0.1662,7.2384,0.1454,1
0.4877,0.2125,0.1218,0.1751,3.6427,0.3828,1
0.4096,0.1915,0.1392,0.1938,6.385,0.2788,1
0.4029,0.2222,0.1352,0.1278,5.0029,0.215,1
0.3608,0.2133,0.0985,0.1269,4.4944,0.452,1
0.2991,0.2185,0.0921,0.0987,2.5423,0.6871,0
0.4226,0.1427,0.1632,0.1886,4.3957,0.391,1
0.3056,0.1829,0.0632,0.0387,1.4965,0.7548,0
0.4719,0.2092,0.1172,0.1393,6.495,0.3484,1
0.5022,0.1337,0.1422,0.2057,6.6151,0.4188,1
0.4358,0.2201,0.0874,0.0841,4.0847,0.4248,0
0.2194,0.259,0.0556,0.0872,3.6529,0.5564,0
0.3863,0.1267,0.1178,0.1466,4.8003,0.509,1
0.3261,0.1359,0.156,0.1569,5.2099,0.4069,1
0.3777,0.2398,0.123,0.1624,4.4678,0.3707,0
0.0954,0.267,0.079,0.1157,2.7581,0.7686,0
0.5011,0.1287,0.0974,0.1361,6.2949,0.2886,1
0.337,0.2019,0.1144,0.1485,3.2112,0.4699,1
0.4143,0.205,0.1359,0.0979,4.1222,0.2919,1
0.1589,0.3003,0.0574,0.101,2.5995,0.7795,0
0.2448,0.1912,0.0824,0.0126,1.28,0.7197,1
0.1645,0.3025,0.0902,0.1614,2.6156,0.775,0
0.4649,0.1919,0.118,0.1708,8.3,0.3058,1
0.514,0.1398,0.1505,0.2296,7.0502,0.2757,1
0.0828,0.2058,0.1005,0.1024,3.4904,0.8322,0
0.4364,0.2173,0.121,0.1449,4.5219,0.4925,1
0.3803,0.1616,0.1285,0.1838,7.4542,0.299,1
0.155,0.2056,0.0665,0.0329,1.4783,0.633,0
0.3877,0.1421,0.1575,0.2083,6.3894,0.2568,1
0.2281,0.3966,0.0408,0.0368,3.1646,0.7029,0
0.2598,0.2009,0.1214,0.1051,3.76,0.514,1
0.1962,0.1836,0.0882,0.1312,3.5307,0.5207,0
0.3188,0.167,0.1103,0.0948,2.8491,0.6666,1
0.3366,0.2589,0.1062,0.1336,5.4244,0.3379,0
0.3373,0.1967,0.1219,0.175,4.9993,0.2731,1
0.5034,0.2023,0.1742,0.1715,7.2679,0.3202,1
0.312,0.1713,0.106,0.1588,3.9709,0.4019,0
0.2805,0.2453,0.1227,0.1815,4.7943,0.2844,1
0.202,0.2017,0.1224,0.0838,1.9588,0.5092,0
0.3748,0.2078,0.1229,0.1178,4.7287,0.4938,0
0.3175,0.2459,0.0619,0.0861,2.6398,0.7517,0
0.4563,0.2324,0.0987,0.1694,4.4449,0.5723,1
0.1955,0.2605,0.0651,0.0453,1.7247,0.6618,0
0.1841,0.1751,0.1131,0.1427,3.1949,0.4968,1
0.2998,0.223,0.1018,0.1147,4.0582,0.5222,0
0.5071,0.0991,0.1057,0.1144,4.3767,0.4295,1
0.563,0.0466,0.1304,0.252,6.2429,0.3976,1
0.3952,0.219,0.1027,0.1899,4.9742,0.5553,0
0.224,0.1982,0.0981,0.0911,5.1269,0.5589,0
0.442,0.1349,0.1839,0.1578,6.2622,0.231,0
0.4865,0.2178,0.101,0.1542,4.4336,0.4509,1
0.1836,0.2793,0.0759,0.0609,3.3741,0.711,0
0.2071,0.242,0.0745,0.1478,1.1401,0.5577,0
0.3613,0.2867,0.1167,0.1051,2.4612,0.402,1
0.3812,0.1908,0.1275,0.2117,4.8672,0.3674,1
0.2537,0.2142,0.0908,0.1029,3.2531,0.4957,0
0.3413,0.2402,0.0836,0.0922,1.206,0.4829,0
0.368,0.1446,0.0966,0.1725,5.0684,0.5132,1
0.4547,0.182,0.1511,0.1835,6.5936,0.3326,1
0.365,0.0627,0.1884,0.1826,5.7954,0.5057,1
0.4753,0.168,0.1264,0.1724,3.7028,0.3703,1
0.394,0.176,0.1237,0.1414,5.1426,0.4718,1
0.5165,0.1293,0.1211,0.1361,6.1526,0.4359,1
0.3707,0.1868,0.0801,0.0807,3.5854,0.5706,0
0.3206,0.2653,0.1299,0.1569,4.8323,0.3972,1
0.3607,0.2207,0.1382,0.168,4.2061,0.334,0
0.5547,0.12,0.1335,0.221,6.2823,0.3142,1
0.5924,0.1147,0.1759,0.1966,7.8958,0.2594,1
0.0657,0.2067,0.0743,0.0221,2.9338,0.6892,0
0.3124,0.2475,0.1135,0.0377,4.5947,0.688,0
0.264,0.2124,0.1019,0.1909,3.426,0.5647,0
0.3894,0.0751,0.1354,0.1979,5.9609,0.1792,1
0.4459,0.1659,0.1148,0.177,5.152,0.3442,1
0.2843,0.2041,0.1155,0.1535,2.7877,0.4964,1
0.3862,0.2065,0.1469,0.1231,4.0078,0.4131,0
0.3543,0.1696,0.117,0.1371,4.9994,0.4301,1
0.4133,0.1419,0.1458,0.2309,5.6952,0.4623,1
0.4288,0.2402,0.1129,0.1939,7.0582,0.2686,1
0.4186,0.1433,0.1612,0.1712,7.679,0.2554,1
0.5271,0.1896,0.1407,0.1372,4.9535,0.4819,1
0.4464,0.1453,0.1066,0.1517,6.2123,0.2244,1
0.4965,0.2052,0.1195,0.1457,4.4832,0.4189,1
0.3536,0.1291,0.1365,0.2057,5.2469,0.5593,1
0.3313,0.1685,0.093,0.139,5.3862,0.5565,1
0.4898,0.131,0.1015,0.1176,6.132,0.4827,1
0.4332,0.1233,0.1414,0.1873,5.6912,0.3613,1
0.4069,0.2166,0.1735,0.1755,6.4202,0.2974,1
0.3358,0.1898,0.0876,0.0756,1.5983,0.6751,0
0.0828,0.2946,0.0787,0.0679,2.6693,0.6693,0
0.374,0.2602,0.1155,0.1668,4.0454,0.4168,0
0.4847,0.1533,0.1267,0.1855,5.8989,0.3643,1
0.5423,0.1879,0.1456,0.1645,4.1202,0.2695,1
0.4016,0.2143,0.1054,0.1219,3.9424,0.4997,0
0.3314,0.2338,0.0846,0.0474,4.2199,0.6575,0
0.2978,0.2398,0.0707,0.115,3.2271,0.69,1
0.398,0.228,0.138,0.1907,6.6171,0.3679,1
0.4672,0.1705,0.1305,0.1077,4.2491,0.4448,0
0.3112,0.1339,0.1285,0.2194,6.2401,0.4566,0
0.2501,0.1571,0.1332,0.1562,4.3297,0.435,1
0.2897,0.2681,0.1039,0.0444,1.9693,0.6926,0
0.5124,0.2128,0.129,0.1132,5.4207,0.3898,1
0.32,0.1867,0.0923,0.0913,5.3197,0.5737,0
0.2067,0.1844,0.0566,0.0986,1.711,0.6381,0
0.1511,0.1955,0.0665,0.1314,3.0189,0.4172,0
0.2724,0.2324,0.0981,0.1669,5.8788,0.4306,1
0.3253,0.1563,0.1386,0.1765,6.8772,0.4906,1
0.3204,0.2287,0.1309,0.0995,3.9937,0.5014,0
0.3492,0.1364,0.1472,0.1406,6.1007,0.4033,1
0.174,0.2708,0.0738,0.1065,3.5518,0.5758,0
0.363,0.2129,0.0817,0.125,4.8461,0.4876,0
0.5243,0.1737,0.137,0.1789,3.8882,0.3136,1
0.3811,0.1833,0.1407,0.2045,5.3832,0.552,1
0.4299,0.196,0.1212,0.1543,4.9053,0.4598,1
0.3956,0.2056,0.1288,0.1842,4.0663,0.4916,1
0.3359,0.1557,0.1109,0.0904,4.1464,0.5859,0
0.323,0.1926,0.1383,0.2358,3.4019,0.3728,1
0.3586,0.2337,0.0768,0.1165,2.1639,0.6032,1
0.2238,0.3007,0.108,0.0899,3.0832,0.7932,0
0.3389,0.2337,0.0771,0.1368,3.8201,0.6472,0
0.3581,0.1578,0.1281,0.1191,1.7825,0.4837,1
0.3075,0.1494,0.1159,0.175,4.2107,0.4047,0
0.4317,0.1596,0.122,0.182,5.8639,0.3514,1
0.2519,0.2373,0.0866,0.0752,2.5631,0.5605,0
0.2638,0.2093,0.1062,0.093,4.7181,0.4917,0
0.3505,0.1405,0.1282,0.1477,5.6905,0.483,1
0.3346,0.1373,0.1421,0.1463,3.4058,0.4238,1
0.4719,0.0823,0.1593,0.2098,5.2778,0.4137,1
0.291,0.0577,0.1276,0.1708,4.3148,0.481,1
0.3961,0.1469,0.1742,0.1817,4.6056,0.2397,1
0.1842,0.3409,0.0818,0.0941,0.6439,0.609,0
0.3642,0.2957,0.1166,0.0418,2.2755,0.5841,0
0.419,0.1511,0.1247,0.1226,3.8072,0.41,0
0.2232,0.2092,0.097,0.1351,4.2041,0.4519,0
0.5101,0.1037,0.1372,0.2059,6.6272,0.4994,1
0.3257,0.18,0.0998,0.0995,3.2448,0.5131,0
0.2623,0.1511,0.11,0.1749,4.8426,0.6678,0
0.2665,0.1575,0.1392,0.1937,5.1424,0.4035,1
0.4626,0.1405,0.1599,0.174,6.7723,0.3867,1
0.5276,0.1605,0.1405,0.1816,5.9169,0.3872,1
0.3534,0.254,0.034,0.1113,2.4923,0.6658,0
0.29,0.1819,0.1465,0.1218,6.136,0.6249,0
0.3907,0.2184,0.0935,0.1569,1.0315,0.489,0
0.1716,0.1657,0.0877,0.0862,1.7945,0.5339,0
0.3491,0.1305,0.0973,0.1571,5.0698,0.381,1
0.4291,0.0928,0.1328,0.2053,5.7058,0.1911,1
0.5133,0.1825,0.1259,0.1695,4.3802,0.2885,1
0.5509,0.132,0.1293,0.1751,5.208,0.4488,1
0.4806,0.0896,0.1186,0.1677,4.5697,0.3584,1
0.2503,0.197,0.1209,0.1549,4.9633,0.6667,1
0.4383,0.1285,0.1641,0.1392,6.1376,0.5934,1
0.3396,0.2744,0.1214,0.0889,5.365,0.7806,1
0.4076,0.1091,0.1748,0.2407,5.2135,0.3999,1
0.2424,0.2134,0.1111,0.1576,3.247,0.6448,1
0.512,0.198,0.1406,0.2115,4.4667,0.3593,1
0.4593,0.1084,0.1519,0.2128,7.5068,0.3215,0
0.3573,0.1633,0.1217,0.2401,6.0824,0.3795,1
0.249,0.2483,0.0852,0.1341,3.0693,0.6112,0
0.333,0.2118,0.1226,0.1002,3.9876,0.5498,1
0.3318,0.2119,0.1334,0.147,4.0985,0.5601,0
0.1438,0.1823,0.0892,0.0734,1.4882,0.6102,0
0.4385,0.2239,0.085,0.1144,4.4917,0.4066,0
0.4907,0.1423,0.128,0.1307,5.4185,0.3908,1
0.3754,0.189,0.0968,0.1495,3.8645,0.3578,1
0.1467,0.2999,0.0721,0.0754,2.0615,0.7073,0
0.3673,0.2208,0.1188,0.1348,3.8673,0.4754,1
0.3927,0.1642,0.1357,0.153,6.2972,0.2876,1
0.2369,0.2685,0.0881,0.0361,2.1841,0.7649,0
0.2833,0.2149,0.1262,0.2075,5.4537,0.4478,1
0.4197,0.224,0.1375,0.18,5.7234,0.4642,1
0.249,0.2028,0.0834,0.1006,2.9971,0.5426,0
0.2698,0.2039,0.1066,0.1468,4.4789,0.4927,1
0.5241,0.201,0.1409,0.2365,5.8802,0.3819,1
0.4859,0.1223,0.1779,0.2139,6.9198,0.1817,1
0.3806,0.1321,0.1136,0.0627,5.6764,0.4807,0
0.1156,0.2554,0.0987,0.1694,1.9831,0.7163,0
0.2214,0.2195,0.1102,0.0433,3.5917,0.6967,0
0.2895,0.1777,0.0898,0.0946,1.2702,0.5025,0
0.2885,0.2403,0.1203,0.0732,3.1075,0.4669,0
0.3253,0.2098,0.1637,0.1612,5.7031,0.2832,1
0.4406,0.0974,0.161,0.1806,7.0173,0.4758,1
0.2957,0.2623,0.1058,0.0437,3.0223,0.6108,0
0.5158,0.0571,0.1831,0.1739,6.3417,0.2874,1
0.3785,0.1505,0.1186,0.2021,3.6474,0.2641,1
0.1599,0.2872,0.144,0.0895,3.1475,0.5078,0
0.2489,0.195,0.1203,0.0791,2.8734,0.4814,0
0.2338,0.2152,0.1296,0.1128,6.0559,0.6296,0
0.5716,0.1553,0.1506,0.2045,6.4385,0.2996,1
0.1426,0.1407,0.1211,0.1017,3.7451,0.4621,0
0.2933,0.2066,0.1362,0.0901,4.0243,0.5848,0
0.4391,0.1936,0.0939,0.1557,2.8246,0.5273,0
0.4132,0.243,0.1264,0.1833,4.8046,0.2935,1
0.2282,0.2098,0.0301,0.0313,2.0468,0.733,0
0.2026,0.1957,0.0996,0.0898,3.6889,0.5799,0
0.3221,0.1293,0.1147,0.1719,3.1142,0.3929,1
0.3923,0.1677,0.0999,0.0908,3.1125,0.4085,0
0.2511,0.2774,0.1483,0.099,3.7565,0.6459,0
0.439,0.1619,0.1688,0.2181,6.2299,0.4091,1
0.417,0.1191,0.1179,0.1942,7.6528,0.4089,1
0.4356,0.1414,0.1448,0.1362,4.6047,0.3096,1
0.2668,0.1754,0.1273,0.1441,5.4163,0.4582,1
0.4756,0.1527,0.121,0.1565,5.1568,0.3835,1
0.6131,0.1039,0.142,0.1767,7.4905,0.357,1
0.2495,0.2314,0.0894,0.0973,2.3583,0.6794,0
0.3013,0.1821,0.0853,0.1547,2.1475,0.5445,1
0.1853,0.1669,0.0911,0.1342,5.0119,0.4092,1
0.3014,0.1786,0.1307,0.1592,4.7273,0.4348,1
0.5904,0.1459,0.1518,0.2635,6.2597,0.204,1
0.2587,0.1814,0.0935,0.1619,2.4487,0.5127,1
0.4227,0.1504,0.1215,0.2043,7.4511,0.477,1
0.3996,0.2748,0.1154,0.1469,3.9973,0.3535,1
0.4752,0.2634,0.1411,0.1239,6.4954,0.4046,1
0.3798,0.1343,0.1232,0.1903,4.5745,0.3169,1
0.2063,0.2013,0.1188,0.0917,1.5838,0.669,0
0.3238,0.1616,0.0936,0.1082,5.2063,0.6094,0
0.2089,0.2741,0.094,0.0869,2.6852,0.6468,0
0.3581,0.1602,0.1178,0.1278,4.9547,0.4083,1
0.4679,0.1665,0.1487,0.2102,4.5197,0.4492,1
0.344,0.2788,0.0951,0.1517,3.6375,0.5321,1
0.4537,0.2012,0.1475,0.1336,4.4133,0.5818,1
0.4717,0.1843,0.1037,0.1782,4.5363,0.3969,1
0.4264,0.2104,0.1508,0.1213,3.9346,0.2395,0
0.3787,0.1334,0.1387,0.1145,5.3776,0.3371,1
0.3867,0.2328,0.127,0.0984,4.5058,0.3866,1
0.3883,0.1273,0.1609,0.1513,7.1028,0.2936,1
0.4264,0.2259,0.1445,0.1343,4.8744,0.5207,1
0.3339,0.1908,0.0865,0.1226,2.7803,0.5353,0
0.2552,0.2105,0.1035,0.121,5.5919,0.7763,0
0.5144,0.1412,0.1569,0.1433,4.2356,0.3384,1
0.4169,0.1626,0.0925,0.1728,3.8779,0.4215,1
0.3939,0.1855,0.1508,0.1036,3.5883,0.5809,0
0.5124,0.0507,0.1502,0.1845,5.8871,0.2811,1
